file,rows,columns,column_names,duplicate_rows,min_year,max_year,possible_targets,missing_total,error
Register/dashboardcount_all_states.csv,37.0,3.0,State|Vehicle_Type|Total_EV_Registrations,0.0,,,Total_EV_Registrations,0.0,
Register/ev_data.csv,1.0,2.0,data|labels,0.0,,,,0.0,
Register/ev_emission_distribution.csv,571.0,4.0,State|VehicleType|EmissionStandard|RegistrationCount,0.0,,,RegistrationCount,0.0,
Register/ev_vehicle_class_distribution.csv,1248.0,4.0,State|VehicleType|VehicleClass|RegistrationCount,0.0,,,RegistrationCount,0.0,
Register/ev_yearwise_registration.csv,1067.0,4.0,State|VehicleType|Year|Registrations,0.0,2011.0,2026.0,Registrations,0.0,
Register/fuel_type_ev_data.csv,230.0,4.0,State|VehicleType|FuelType|Count,0.0,,,Count,0.0,
Register/registration_2010-2026.csv,74.0,4.0,data|labels|State|VehicleType,0.0,,,,0.0,
Register/status_distribution_all_states.xlsx,,,,,,,,,unreadable
Register/top5_states_all_filters.csv,162.0,3.0,Filter_State|Top_State|EV_Registrations,0.0,,,EV_Registrations,0.0,
Register/top5_vehicle_makers_all_states.csv,178.0,3.0,State|Vehicle_Maker|EV_Registrations,0.0,,,EV_Registrations,0.0,
Register/vehicle_status_distribution.csv,,,,,,,,,unreadable
Revenue/Revenue_fee_line_chart(2010-2026)/EV_Revenue_Line_Chart(2010_11).csv,864.0,4.0,State|Year|Month|Revenue,0.0,2010.0,2011.0,Revenue,0.0,
Revenue/Revenue_fee_line_chart(2010-2026)/EV_Revenue_Line_Chart(2011_12).csv,864.0,4.0,State|Year|Month|Revenue,0.0,2011.0,2012.0,Revenue,0.0,
Revenue/Revenue_fee_line_chart(2010-2026)/EV_Revenue_Line_Chart(2012_13).csv,864.0,4.0,State|Year|Month|Revenue,0.0,2012.0,2013.0,Revenue,0.0,
Revenue/Revenue_fee_line_chart(2010-2026)/EV_Revenue_Line_Chart(2013_14).csv,864.0,4.0,State|Year|Month|Revenue,0.0,2013.0,2014.0,Revenue,0.0,
Revenue/Revenue_fee_line_chart(2010-2026)/EV_Revenue_Line_Chart(2014_15).csv,864.0,4.0,State|Year|Month|Revenue,0.0,2014.0,2015.0,Revenue,0.0,
Revenue/Revenue_fee_line_chart(2010-2026)/EV_Revenue_Line_Chart(2015_16).csv,864.0,4.0,State|Year|Month|Revenue,0.0,2015.0,2016.0,Revenue,0.0,
Revenue/Revenue_fee_line_chart(2010-2026)/EV_Revenue_Line_Chart(2016_17).csv,864.0,4.0,State|Year|Month|Revenue,0.0,2016.0,2017.0,Revenue,0.0,
Revenue/Revenue_fee_line_chart(2010-2026)/EV_Revenue_Line_Chart(2017_18).csv,864.0,4.0,State|Year|Month|Revenue,0.0,2017.0,2018.0,Revenue,0.0,
Revenue/Revenue_fee_line_chart(2010-2026)/EV_Revenue_Line_Chart(2018_19).csv,864.0,4.0,State|Year|Month|Revenue,0.0,2018.0,2019.0,Revenue,0.0,
Revenue/Revenue_fee_line_chart(2010-2026)/EV_Revenue_Line_Chart(2019_20).csv,864.0,4.0,State|Year|Month|Revenue,0.0,2019.0,2020.0,Revenue,0.0,
Revenue/Revenue_fee_line_chart(2010-2026)/EV_Revenue_Line_Chart(2020_21).csv,864.0,4.0,State|Year|Month|Revenue,0.0,2020.0,2021.0,Revenue,0.0,
Revenue/Revenue_fee_line_chart(2010-2026)/EV_Revenue_Line_Chart(2021_22).csv,864.0,4.0,State|Year|Month|Revenue,0.0,2021.0,2022.0,Revenue,0.0,
Revenue/Revenue_fee_line_chart(2010-2026)/EV_Revenue_Line_Chart(2022_23).csv,864.0,4.0,State|Year|Month|Revenue,0.0,2022.0,2023.0,Revenue,0.0,
Revenue/Revenue_fee_line_chart(2010-2026)/EV_Revenue_Line_Chart(2023_24).csv,871.0,4.0,State|Year|Month|Revenue,0.0,2023.0,2024.0,Revenue,0.0,
Revenue/Revenue_fee_line_chart(2010-2026)/EV_Revenue_Line_Chart(2024_25).csv,883.0,4.0,State|Year|Month|Revenue,0.0,2024.0,2025.0,Revenue,0.0,
Revenue/Revenue_fee_line_chart(2010-2026)/EV_Revenue_Line_Chart(2025-26).csv,740.0,4.0,State|Year|Month|Revenue,0.0,2025.0,2026.0,Revenue,0.0,
Revenue/top_transaction_rto(2010-26)/EV_Top5_Transaction_State_RTO(2010-11).csv,19.0,3.0,State|RTO_or_State|EV_Transactions,0.0,,,EV_Transactions,0.0,
Revenue/top_transaction_rto(2010-26)/EV_Top5_Transaction_State_RTO(2011-12).csv,23.0,3.0,State|RTO_or_State|EV_Transactions,0.0,,,EV_Transactions,0.0,
Revenue/top_transaction_rto(2010-26)/EV_Top5_Transaction_State_RTO(2012-13).csv,32.0,3.0,State|RTO_or_State|EV_Transactions,0.0,,,EV_Transactions,0.0,
Revenue/top_transaction_rto(2010-26)/EV_Top5_Transaction_State_RTO(2013-14).csv,36.0,3.0,State|RTO_or_State|EV_Transactions,0.0,,,EV_Transactions,0.0,
Revenue/top_transaction_rto(2010-26)/EV_Top5_Transaction_State_RTO(2014-15).csv,46.0,3.0,State|RTO_or_State|EV_Transactions,0.0,,,EV_Transactions,0.0,
Revenue/top_transaction_rto(2010-26)/EV_Top5_Transaction_State_RTO(2015-16).csv,66.0,3.0,State|RTO_or_State|EV_Transactions,0.0,,,EV_Transactions,0.0,
Revenue/top_transaction_rto(2010-26)/EV_Top5_Transaction_State_RTO(2016-17).csv,119.0,3.0,State|RTO_or_State|EV_Transactions,0.0,,,EV_Transactions,0.0,
Revenue/top_transaction_rto(2010-26)/EV_Top5_Transaction_State_RTO(2017-18).csv,151.0,3.0,State|RTO_or_State|EV_Transactions,0.0,,,EV_Transactions,0.0,
Revenue/top_transaction_rto(2010-26)/EV_Top5_Transaction_State_RTO(2018-19).csv,156.0,3.0,State|RTO_or_State|EV_Transactions,0.0,,,EV_Transactions,0.0,
Revenue/top_transaction_rto(2010-26)/EV_Top5_Transaction_State_RTO(2019-20).csv,157.0,3.0,State|RTO_or_State|EV_Transactions,0.0,,,EV_Transactions,0.0,
Revenue/top_transaction_rto(2010-26)/EV_Top5_Transaction_State_RTO(2020-21).csv,162.0,3.0,State|RTO_or_State|EV_Transactions,0.0,,,EV_Transactions,0.0,
Revenue/top_transaction_rto(2010-26)/EV_Top5_Transaction_State_RTO(2021-22).csv,172.0,3.0,State|RTO_or_State|EV_Transactions,0.0,,,EV_Transactions,0.0,
Revenue/top_transaction_rto(2010-26)/EV_Top5_Transaction_State_RTO(2022-23).csv,167.0,3.0,State|RTO_or_State|EV_Transactions,0.0,,,EV_Transactions,0.0,
Revenue/top_transaction_rto(2010-26)/EV_Top5_Transaction_State_RTO(2023-24).csv,175.0,3.0,State|RTO_or_State|EV_Transactions,0.0,,,EV_Transactions,0.0,
Revenue/top_transaction_rto(2010-26)/EV_Top5_Transaction_State_RTO(2024-25).csv,177.0,3.0,State|RTO_or_State|EV_Transactions,0.0,,,EV_Transactions,0.0,
Revenue/top_transaction_rto(2010-26)/EV_Top5_Transaction_State_RTO(2025-26).csv,177.0,3.0,State|RTO_or_State|EV_Transactions,0.0,,,EV_Transactions,0.0,
Revenue/Transaction_data(2010_2026)/EV_Transaction_Line_Chart(2010-11).csv,992.0,4.0,State|Year|Month|EV_Transactions,0.0,2010.0,2011.0,EV_Transactions,0.0,
Revenue/Transaction_data(2010_2026)/EV_Transaction_Line_Chart(2011-12).csv,1006.0,4.0,State|Year|Month|EV_Transactions,0.0,2011.0,2012.0,EV_Transactions,0.0,
Revenue/Transaction_data(2010_2026)/EV_Transaction_Line_Chart(2012-13).csv,999.0,4.0,State|Year|Month|EV_Transactions,0.0,2012.0,2013.0,EV_Transactions,0.0,
Revenue/Transaction_data(2010_2026)/EV_Transaction_Line_Chart(2013-14).csv,1032.0,4.0,State|Year|Month|EV_Transactions,0.0,2013.0,2014.0,EV_Transactions,0.0,
Revenue/Transaction_data(2010_2026)/EV_Transaction_Line_Chart(2014-15).csv,1046.0,4.0,State|Year|Month|EV_Transactions,0.0,2014.0,2015.0,EV_Transactions,0.0,
Revenue/Transaction_data(2010_2026)/EV_Transaction_Line_Chart(2015-16).csv,1132.0,4.0,State|Year|Month|EV_Transactions,0.0,2015.0,2016.0,EV_Transactions,0.0,
Revenue/Transaction_data(2010_2026)/EV_Transaction_Line_Chart(2016-17).csv,1297.0,4.0,State|Year|Month|EV_Transactions,0.0,2016.0,2017.0,EV_Transactions,0.0,
Revenue/Transaction_data(2010_2026)/EV_Transaction_Line_Chart(2017-18).csv,1514.0,4.0,State|Year|Month|EV_Transactions,0.0,2017.0,2018.0,EV_Transactions,0.0,
Revenue/Transaction_data(2010_2026)/EV_Transaction_Line_Chart(2018-19).csv,1634.0,4.0,State|Year|Month|EV_Transactions,0.0,2018.0,2019.0,EV_Transactions,0.0,
Revenue/Transaction_data(2010_2026)/EV_Transaction_Line_Chart(2019-20).csv,1660.0,4.0,State|Year|Month|EV_Transactions,0.0,2019.0,2020.0,EV_Transactions,0.0,
Revenue/Transaction_data(2010_2026)/EV_Transaction_Line_Chart(2020-21).csv,1673.0,4.0,State|Year|Month|EV_Transactions,0.0,2020.0,2021.0,EV_Transactions,0.0,
Revenue/Transaction_data(2010_2026)/EV_Transaction_Line_Chart(2021-22).csv,1697.0,4.0,State|Year|Month|EV_Transactions,0.0,2021.0,2022.0,EV_Transactions,0.0,
Revenue/Transaction_data(2010_2026)/EV_Transaction_Line_Chart(2022-23).csv,1721.0,4.0,State|Year|Month|EV_Transactions,0.0,2022.0,2023.0,EV_Transactions,0.0,
Revenue/Transaction_data(2010_2026)/EV_Transaction_Line_Chart(2023-24).csv,1742.0,4.0,State|Year|Month|EV_Transactions,0.0,2023.0,2024.0,EV_Transactions,0.0,
Revenue/Transaction_data(2010_2026)/EV_Transaction_Line_Chart(2024-25).csv,1766.0,4.0,State|Year|Month|EV_Transactions,0.0,2024.0,2025.0,EV_Transactions,0.0,
Revenue/Transaction_data(2010_2026)/EV_Transaction_Line_Chart(2025-26).csv,1480.0,4.0,State|Year|Month|EV_Transactions,0.0,2025.0,2026.0,EV_Transactions,0.0,
