date,region,ev_sales,charging_stations,battery_cost,electricity_price,fuel_price,gdp_index,population,carbon_emission,gov_policy_index,grid_capacity,battery_degradation_index
2018-01-01,Maharashtra,699.32,50.0,177.47,6.539,84.89,99.72,9999589.0,220.43,39.27,493.71,0.02191
2018-02-01,Maharashtra,785.95,50.0,182.01,6.446,86.66,99.58,10009895.0,220.33,41.32,517.19,0.01945
2018-03-01,Maharashtra,757.22,50.0,180.06,6.711,88.31,100.47,10018263.0,217.41,42.24,517.14,0.02096
2018-04-01,Maharashtra,710.8,50.0,175.9,7.024,91.46,100.75,10025393.0,218.69,43.27,521.34,0.01932
2018-05-01,Maharashtra,724.39,51.84,173.68,6.983,91.57,102.48,10032500.0,222.41,41.01,526.18,0.02267
2018-06-01,Maharashtra,829.06,50.0,173.08,6.884,92.11,101.05,10037000.0,217.97,41.04,529.89,0.018
2018-07-01,Maharashtra,796.92,52.69,173.07,6.61,91.5,101.96,10048541.0,220.69,42.16,531.85,0.02109
2018-08-01,Maharashtra,797.29,62.76,172.01,6.582,91.68,102.83,10059717.0,215.96,41.92,541.69,0.02105
2018-09-01,Maharashtra,640.15,60.3,172.18,6.179,86.72,102.55,10064363.0,216.56,44.53,530.67,0.02199
2018-10-01,Maharashtra,672.11,69.21,170.27,6.208,85.18,103.72,10073776.0,220.05,42.95,554.21,0.01879
2018-11-01,Maharashtra,679.52,62.07,172.38,6.286,83.28,102.36,10082345.0,218.62,44.32,544.96,0.02054
2018-12-01,Maharashtra,826.39,66.44,164.45,6.451,82.45,103.3,10090481.0,216.27,45.84,531.4,0.02211
2019-01-01,Maharashtra,905.08,69.13,167.68,6.627,79.85,104.85,10095063.0,218.13,45.43,570.7,0.02334
2019-02-01,Maharashtra,1026.19,77.15,168.56,6.629,83.34,104.08,10104785.0,218.99,45.57,571.11,0.0231
2019-03-01,Maharashtra,1021.79,61.81,169.19,6.936,78.99,105.88,10110299.0,217.35,45.24,559.06,0.02158
2019-04-01,Maharashtra,999.28,80.26,164.07,6.897,84.06,106.54,10122511.0,215.25,46.51,559.93,0.02304
2019-05-01,Maharashtra,1067.06,78.76,160.14,7.097,83.74,104.72,10128509.0,214.84,46.01,575.44,0.02298
2019-06-01,Maharashtra,1062.35,88.94,163.99,6.93,83.49,106.25,10136236.0,215.69,45.67,595.81,0.02344
2019-07-01,Maharashtra,1083.92,90.46,161.31,6.588,87.36,105.62,10141579.0,216.65,47.06,576.56,0.02263
2019-08-01,Maharashtra,1078.66,93.46,162.42,6.621,87.25,106.76,10152701.0,216.25,47.68,588.08,0.02361
2019-09-01,Maharashtra,1004.33,91.2,156.86,6.408,89.37,107.01,10158065.0,214.14,47.41,582.44,0.02105
2019-10-01,Maharashtra,993.97,97.15,161.93,6.196,91.01,107.41,10168448.0,215.68,48.85,589.56,0.02111
2019-11-01,Maharashtra,1013.42,91.56,158.4,6.266,92.95,106.78,10176825.0,211.92,49.49,593.08,0.02326
2019-12-01,Maharashtra,1113.24,95.96,162.22,6.631,91.04,108.2,10184525.0,214.37,50.2,598.96,0.02345
2020-01-01,Maharashtra,1758.51,202.26,156.48,6.845,92.4,109.89,10192998.0,213.31,66.32,618.27,0.02438
2020-02-01,Maharashtra,1786.26,204.78,154.8,6.926,89.92,109.51,10203213.0,214.52,67.44,632.56,0.02386
2020-03-01,Maharashtra,1803.81,206.88,152.37,7.09,89.05,107.54,10206391.0,215.27,68.03,633.72,0.02439
2020-04-01,Maharashtra,1826.78,208.03,157.77,7.25,87.9,109.27,10213241.0,214.16,66.96,649.69,0.02427
2020-05-01,Maharashtra,1856.36,212.97,152.29,7.208,85.38,109.8,10221993.0,212.96,67.5,649.8,0.02496
2020-06-01,Maharashtra,1838.55,209.32,151.77,6.933,85.49,110.65,10229312.0,210.14,68.39,634.9,0.0238
2020-07-01,Maharashtra,1422.25,123.63,153.12,7.0,82.61,109.5,10239759.0,214.4,51.3,617.95,0.02459
2020-08-01,Maharashtra,1380.34,123.03,150.77,6.5,82.61,109.04,10245732.0,210.18,52.64,636.92,0.02373
2020-09-01,Maharashtra,1274.42,124.5,149.52,6.084,82.54,111.55,10255039.0,212.56,51.58,640.13,0.02395
2020-10-01,Maharashtra,1346.66,128.81,152.43,6.542,81.68,110.44,10265176.0,214.22,53.12,630.23,0.02511
2020-11-01,Maharashtra,1384.36,132.1,152.34,6.113,85.21,111.23,10272124.0,211.48,51.43,651.77,0.02592
2020-12-01,Maharashtra,1485.7,132.84,146.86,6.525,86.13,112.45,10281338.0,209.72,53.46,648.42,0.02492
2021-01-01,Maharashtra,1577.07,138.09,147.61,6.531,90.4,112.23,10288368.0,211.72,51.21,638.99,0.02808
2021-02-01,Maharashtra,1615.91,141.2,144.52,7.042,89.99,111.13,10293762.0,211.62,53.89,653.26,0.02253
2021-03-01,Maharashtra,1613.83,137.79,143.86,7.366,91.48,112.87,10305648.0,211.39,56.1,660.14,0.02574
2021-04-01,Maharashtra,1688.2,151.72,145.16,7.265,92.04,113.69,10313054.0,210.56,54.2,667.19,0.02549
2021-05-01,Maharashtra,1691.7,147.96,144.06,7.302,93.11,114.81,10318714.0,210.38,54.07,684.98,0.02538
2021-06-01,Maharashtra,1729.18,155.47,143.56,6.781,92.02,114.57,10328491.0,210.92,56.29,678.24,0.02559
2021-07-01,Maharashtra,1742.58,157.7,142.2,7.149,93.33,116.49,10331490.0,209.2,56.4,670.16,0.02747
2021-08-01,Maharashtra,1770.27,163.27,142.33,6.331,92.85,114.98,10339902.0,210.04,57.27,681.39,0.02515
2021-09-01,Maharashtra,1719.11,167.98,134.79,6.739,92.01,114.61,10351026.0,207.7,56.9,684.51,0.02724
2021-10-01,Maharashtra,1627.21,172.25,140.61,6.422,88.37,115.77,10356751.0,207.48,58.32,693.37,0.02654
2021-11-01,Maharashtra,1745.74,174.33,137.62,6.634,87.95,116.38,10371021.0,211.07,57.85,690.49,0.02669
2021-12-01,Maharashtra,1872.9,172.59,138.23,6.599,84.27,117.41,10379450.0,208.76,60.26,700.79,0.02822
2022-01-01,Maharashtra,2316.15,268.74,135.71,7.081,86.27,116.9,10381367.0,207.76,73.02,717.87,0.0277
2022-02-01,Maharashtra,2306.61,264.68,140.37,7.288,84.92,118.34,10392652.0,208.21,73.42,716.29,0.02775
2022-03-01,Maharashtra,2365.71,272.87,134.96,7.295,84.98,116.89,10397246.0,211.03,74.69,737.64,0.02676
2022-04-01,Maharashtra,2433.13,286.96,134.11,7.479,87.79,118.72,10406412.0,209.77,76.36,731.28,0.02833
2022-05-01,Maharashtra,2412.41,280.48,132.01,7.242,86.61,116.51,10417454.0,207.04,76.07,728.51,0.02945
2022-06-01,Maharashtra,2455.23,287.87,129.85,7.076,86.79,120.08,10425618.0,207.84,76.59,729.53,0.02874
2022-07-01,Maharashtra,2111.08,206.98,127.93,7.202,88.04,119.29,10429209.0,205.65,61.91,732.76,0.02979
2022-08-01,Maharashtra,2091.23,201.02,127.3,7.033,89.95,119.38,10439981.0,206.28,61.47,727.4,0.0288
2022-09-01,Maharashtra,2136.27,213.59,130.24,6.693,93.47,119.39,10445557.0,204.53,62.16,733.11,0.02812
2022-10-01,Maharashtra,2116.6,210.55,129.97,6.557,93.03,120.54,10452625.0,206.65,64.6,729.93,0.02848
2022-11-01,Maharashtra,2147.35,215.89,127.88,6.595,95.42,119.51,10465799.0,206.07,63.58,754.66,0.03023
2022-12-01,Maharashtra,2282.27,230.06,130.31,6.851,93.61,120.95,10470962.0,203.89,65.42,763.92,0.02843
2023-01-01,Maharashtra,2291.42,231.56,124.0,7.22,95.84,121.92,10484478.0,203.58,62.71,752.03,0.02798
2023-02-01,Maharashtra,2271.65,226.52,125.03,7.417,92.94,122.0,10487912.0,205.85,65.19,739.76,0.02974
2023-03-01,Maharashtra,2371.01,242.77,122.35,7.309,91.36,121.07,10494834.0,204.44,64.69,767.17,0.02919
2023-04-01,Maharashtra,2396.78,246.44,131.42,7.677,87.36,122.83,10502832.0,205.33,65.83,765.97,0.02856
2023-05-01,Maharashtra,2364.1,238.47,117.66,7.396,90.41,122.83,10511159.0,204.28,66.35,753.3,0.02904
2023-06-01,Maharashtra,2426.83,246.77,122.95,7.281,86.78,124.07,10519286.0,203.78,65.88,777.82,0.02906
2023-07-01,Maharashtra,2501.88,259.51,121.19,7.131,87.67,123.24,10531181.0,202.5,66.65,790.89,0.03043
2023-08-01,Maharashtra,2519.47,261.76,116.86,6.904,85.99,123.78,10543275.0,202.44,67.41,786.15,0.02932
2023-09-01,Maharashtra,2515.92,257.54,119.02,7.01,86.97,122.53,10540079.0,203.15,66.48,792.81,0.03074
2023-10-01,Maharashtra,2571.31,266.61,121.59,6.769,85.59,123.66,10552090.0,202.31,67.14,800.03,0.02877
2023-11-01,Maharashtra,2586.45,268.42,116.04,6.746,87.54,123.07,10559669.0,203.01,67.56,794.21,0.03206
2023-12-01,Maharashtra,2627.16,273.75,121.74,6.991,89.0,124.95,10568962.0,203.42,67.7,803.99,0.03064
2024-01-01,Maharashtra,3146.18,385.02,117.8,7.17,91.76,124.0,10573944.0,202.81,87.56,832.66,0.03044
2024-02-01,Maharashtra,3166.24,385.89,113.4,7.321,93.45,125.24,10582258.0,203.05,86.21,840.56,0.03101
2024-03-01,Maharashtra,3181.95,388.1,112.11,7.347,92.7,125.44,10594758.0,202.4,87.18,832.38,0.02998
2024-04-01,Maharashtra,3203.07,388.16,114.63,7.359,96.03,126.26,10599843.0,202.36,87.2,847.3,0.03222
2024-05-01,Maharashtra,3239.53,397.15,111.83,7.589,95.08,124.95,10609685.0,200.4,87.57,824.71,0.03132
2024-06-01,Maharashtra,3293.26,403.08,110.83,7.426,96.81,125.89,10617836.0,203.24,88.69,849.98,0.03142
2024-07-01,Maharashtra,2874.1,306.58,109.78,7.209,96.73,126.73,10624483.0,201.01,72.55,840.48,0.0314
2024-08-01,Maharashtra,2922.77,313.31,108.77,7.029,94.92,127.97,10632910.0,199.88,72.65,852.12,0.03094
2024-09-01,Maharashtra,2891.84,306.34,105.47,7.169,91.69,128.53,10640913.0,199.62,72.82,833.51,0.03112
2024-10-01,Maharashtra,2947.8,314.07,102.12,6.805,93.06,128.98,10646538.0,199.84,70.59,849.38,0.03268
2024-11-01,Maharashtra,3014.15,324.58,104.7,7.05,89.91,129.53,10657227.0,196.99,71.38,862.33,0.03349
2024-12-01,Maharashtra,3021.01,325.1,105.27,7.022,88.35,128.7,10660867.0,199.84,72.49,850.85,0.03082
2025-01-01,Maharashtra,3056.38,329.08,106.33,7.527,86.27,128.45,10673220.0,197.59,73.48,860.05,0.03311
2025-02-01,Maharashtra,3079.75,330.6,103.29,7.544,84.18,130.1,10676767.0,195.86,73.14,867.26,0.03298
2025-03-01,Maharashtra,3118.57,336.72,100.25,7.928,87.6,130.16,10687572.0,197.89,75.11,866.9,0.03129
2025-04-01,Maharashtra,3159.5,341.25,102.6,7.867,86.58,130.51,10697751.0,196.97,74.61,880.65,0.03435
2025-05-01,Maharashtra,3232.42,355.43,100.41,7.778,89.12,131.23,10703680.0,197.27,74.59,877.87,0.03294
2025-06-01,Maharashtra,3238.02,351.98,100.97,7.576,89.53,131.82,10713169.0,196.3,73.95,891.04,0.03335
2025-07-01,Maharashtra,3254.84,355.64,99.23,7.283,91.7,131.06,10719423.0,196.94,77.65,872.71,0.03184
2025-08-01,Maharashtra,3335.14,364.85,91.34,7.179,94.01,132.48,10725785.0,200.05,75.37,915.34,0.03271
2025-09-01,Maharashtra,3378.79,373.99,95.01,7.121,93.38,133.06,10734961.0,196.61,79.45,901.03,0.03334
2025-10-01,Maharashtra,3344.39,364.97,94.68,7.058,95.27,134.18,10742913.0,196.06,77.7,889.51,0.03441
2025-11-01,Maharashtra,3460.88,385.02,94.42,7.018,97.76,133.73,10755438.0,196.08,77.9,913.75,0.03201
2025-12-01,Maharashtra,3455.65,384.74,94.25,7.049,98.35,132.92,10761444.0,194.13,78.31,887.52,0.03414
2018-01-01,Karnataka,869.79,50.0,181.88,6.653,84.89,101.02,9999018.0,219.24,39.88,514.36,0.02064
2018-02-01,Karnataka,931.11,50.0,176.35,7.039,87.8,100.52,10011841.0,218.39,40.67,513.88,0.01975
2018-03-01,Karnataka,920.87,50.0,179.51,6.704,87.77,100.18,10013846.0,221.26,42.33,517.54,0.022
2018-04-01,Karnataka,957.71,53.5,177.3,6.634,91.12,101.12,10024368.0,217.12,41.13,517.09,0.02088
2018-05-01,Karnataka,963.02,57.18,178.49,6.956,91.29,99.68,10034972.0,218.42,42.43,509.18,0.02128
2018-06-01,Karnataka,974.32,50.0,179.6,6.855,89.67,102.46,10042519.0,219.23,44.44,521.11,0.02068
2018-07-01,Karnataka,1033.39,60.83,173.02,6.601,89.78,102.73,10046649.0,219.93,41.78,527.31,0.02137
2018-08-01,Karnataka,1007.23,60.06,173.03,6.19,89.91,102.66,10059484.0,220.46,43.41,532.53,0.02094
2018-09-01,Karnataka,861.94,67.56,170.14,6.191,88.0,103.32,10066613.0,216.82,41.33,531.25,0.02095
2018-10-01,Karnataka,877.65,62.46,169.83,6.177,84.72,103.14,10071813.0,217.88,42.66,546.12,0.02035
2018-11-01,Karnataka,943.89,70.22,166.76,6.298,83.05,103.82,10078623.0,216.34,43.68,548.56,0.01986
2018-12-01,Karnataka,1098.74,62.81,168.64,6.662,83.62,103.4,10085186.0,218.08,44.55,555.56,0.02228
2019-01-01,Karnataka,1117.56,64.59,167.97,6.662,81.68,104.6,10095731.0,216.75,44.86,560.23,0.02265
2019-02-01,Karnataka,1182.18,78.33,174.22,6.775,80.64,104.28,10103552.0,216.31,45.05,554.08,0.02173
2019-03-01,Karnataka,1166.74,71.04,171.94,6.832,81.16,104.02,10115177.0,214.73,44.39,567.33,0.0223
2019-04-01,Karnataka,1201.68,77.75,166.72,6.877,82.73,105.22,10118221.0,217.34,46.58,562.9,0.02222
2019-05-01,Karnataka,1241.02,82.35,165.2,6.966,83.45,105.55,10126630.0,215.38,45.96,579.63,0.02205
2019-06-01,Karnataka,1235.3,79.65,166.44,6.823,84.52,106.28,10133534.0,216.19,46.43,576.06,0.02454
2019-07-01,Karnataka,1268.44,84.17,165.01,6.819,86.38,107.23,10141709.0,215.66,48.35,583.39,0.02458
2019-08-01,Karnataka,1314.24,91.81,162.6,6.346,86.85,107.0,10152746.0,215.53,47.95,588.96,0.02325
2019-09-01,Karnataka,1230.37,92.41,160.85,6.605,88.72,107.24,10157406.0,214.34,48.08,584.79,0.02385
2019-10-01,Karnataka,1215.33,90.07,160.64,6.441,91.84,108.02,10168824.0,215.11,47.84,596.28,0.02155
2019-11-01,Karnataka,1331.72,94.35,158.85,6.387,91.02,108.16,10176946.0,212.49,48.12,606.66,0.02461
2019-12-01,Karnataka,1387.76,99.97,158.84,6.618,93.13,107.43,10182837.0,212.74,51.81,592.26,0.02182
2020-01-01,Karnataka,1896.53,207.83,161.04,6.59,91.0,109.52,10187189.0,212.7,69.2,631.48,0.02328
2020-02-01,Karnataka,1926.61,210.33,157.17,7.083,88.76,110.31,10201404.0,214.15,69.69,646.94,0.02464
2020-03-01,Karnataka,1954.94,215.19,156.34,7.272,89.11,109.16,10204956.0,214.13,67.98,643.3,0.02427
2020-04-01,Karnataka,1972.77,218.09,154.3,7.17,87.27,109.25,10217020.0,214.45,67.45,636.51,0.02212
2020-05-01,Karnataka,2029.8,228.75,156.19,7.352,84.62,109.07,10221969.0,211.46,69.88,637.56,0.02529
2020-06-01,Karnataka,2027.09,225.08,152.87,7.114,85.84,111.17,10232404.0,214.23,69.44,643.62,0.02542
2020-07-01,Karnataka,1563.01,118.14,152.15,6.646,81.65,110.57,10241496.0,211.2,53.24,638.6,0.02634
2020-08-01,Karnataka,1604.46,126.71,151.85,6.475,85.37,110.13,10249453.0,211.68,52.1,629.21,0.02546
2020-09-01,Karnataka,1640.21,130.81,150.31,6.487,78.36,110.39,10257239.0,211.22,53.9,641.5,0.02302
2020-10-01,Karnataka,1635.0,128.25,150.93,6.369,84.22,112.77,10262342.0,212.08,52.95,635.47,0.02385
2020-11-01,Karnataka,1668.88,132.54,144.87,6.667,83.99,112.49,10270924.0,211.61,52.59,643.22,0.02496
2020-12-01,Karnataka,1636.78,120.2,147.48,6.616,85.79,113.1,10281078.0,210.45,53.12,662.11,0.02432
2021-01-01,Karnataka,1748.58,145.0,148.8,6.759,87.83,112.89,10284469.0,213.18,54.36,650.36,0.02738
2021-02-01,Karnataka,1728.58,135.54,151.15,7.168,91.39,112.56,10297179.0,212.61,56.45,668.08,0.02649
2021-03-01,Karnataka,1760.85,143.74,150.17,7.432,91.9,113.86,10307315.0,211.21,55.95,645.85,0.02549
2021-04-01,Karnataka,1779.93,142.58,142.27,7.301,93.31,114.23,10311742.0,210.18,55.02,667.25,0.02592
2021-05-01,Karnataka,1848.85,155.51,141.92,7.163,93.66,113.0,10320733.0,209.4,55.94,669.48,0.02657
2021-06-01,Karnataka,1843.89,151.29,145.53,7.041,92.64,115.36,10325666.0,208.32,57.08,674.08,0.02627
2021-07-01,Karnataka,1883.21,158.24,139.08,7.097,92.35,115.85,10335567.0,212.6,57.84,670.95,0.02633
2021-08-01,Karnataka,1948.13,166.99,137.06,6.623,92.66,115.48,10346071.0,207.71,56.65,695.27,0.0281
2021-09-01,Karnataka,1956.11,166.68,137.23,6.524,91.74,114.41,10351405.0,208.25,58.86,692.76,0.02705
2021-10-01,Karnataka,1991.54,170.8,141.11,6.819,89.43,116.81,10361193.0,208.47,58.38,702.49,0.02682
2021-11-01,Karnataka,2041.91,180.36,134.57,6.657,86.44,117.18,10368005.0,210.5,57.04,698.14,0.02745
2021-12-01,Karnataka,2055.26,180.32,140.86,6.848,85.9,117.06,10376806.0,208.27,58.69,701.69,0.02547
2022-01-01,Karnataka,2429.48,260.45,137.26,7.141,83.24,117.73,10380113.0,208.01,72.88,717.87,0.02675
2022-02-01,Karnataka,2494.74,271.48,134.71,7.429,84.88,117.54,10389429.0,207.25,72.05,726.17,0.02825
2022-03-01,Karnataka,2486.76,265.81,139.88,7.202,84.93,117.0,10396726.0,207.44,73.66,734.67,0.0275
2022-04-01,Karnataka,2557.51,279.06,134.67,7.47,83.3,118.32,10408223.0,206.82,75.53,736.03,0.0259
2022-05-01,Karnataka,2526.98,269.65,131.62,7.283,86.0,119.57,10416993.0,207.25,74.41,734.73,0.02795
2022-06-01,Karnataka,2562.87,272.91,132.11,7.241,87.81,119.43,10422277.0,206.91,74.99,749.99,0.02713
2022-07-01,Karnataka,2259.9,204.86,128.51,7.178,87.73,118.82,10432748.0,207.34,62.24,725.92,0.02933
2022-08-01,Karnataka,2281.37,206.98,129.4,7.113,90.58,118.86,10438333.0,204.11,61.78,726.21,0.02676
2022-09-01,Karnataka,2330.46,214.07,132.67,6.76,95.9,118.09,10449025.0,203.48,63.59,735.26,0.02859
2022-10-01,Karnataka,2354.42,215.23,128.77,6.681,92.62,119.46,10457368.0,204.61,62.81,745.74,0.0278
2022-11-01,Karnataka,2343.48,210.84,128.85,6.586,93.94,121.56,10464455.0,207.35,63.12,739.76,0.02884
2022-12-01,Karnataka,2407.88,220.32,129.14,6.883,95.75,121.02,10476136.0,204.45,65.08,755.91,0.0301
2023-01-01,Karnataka,2423.41,220.82,126.5,7.192,94.09,120.11,10478123.0,205.17,64.09,757.29,0.03172
2023-02-01,Karnataka,2452.37,223.64,124.28,7.242,92.18,121.42,10486966.0,204.46,64.61,763.64,0.03082
2023-03-01,Karnataka,2551.73,243.01,122.56,7.524,90.63,120.97,10497178.0,205.32,63.97,765.98,0.02866
2023-04-01,Karnataka,2563.85,242.58,117.28,7.454,89.28,122.7,10504797.0,202.54,63.19,768.04,0.0293
2023-05-01,Karnataka,2602.05,249.28,125.34,7.338,87.44,122.04,10514020.0,203.9,67.34,761.66,0.02999
2023-06-01,Karnataka,2601.59,245.69,119.73,7.368,87.13,121.79,10519760.0,206.76,64.96,765.46,0.02691
2023-07-01,Karnataka,2583.5,237.32,121.88,7.264,85.83,123.2,10530513.0,203.03,65.75,774.49,0.03036
2023-08-01,Karnataka,2668.45,251.68,121.34,6.903,85.18,123.3,10537108.0,202.71,65.77,788.05,0.03227
2023-09-01,Karnataka,2699.05,255.74,120.33,6.634,86.59,123.03,10544337.0,202.08,68.58,787.39,0.03033
2023-10-01,Karnataka,2770.45,266.15,118.72,6.476,86.95,124.01,10551033.0,203.54,67.74,806.66,0.03011
2023-11-01,Karnataka,2749.31,261.17,115.67,6.958,88.79,124.08,10561074.0,203.33,66.88,787.03,0.03112
2023-12-01,Karnataka,2852.88,279.32,112.22,7.262,87.29,125.63,10570642.0,201.1,68.06,803.07,0.02921
2024-01-01,Karnataka,3108.28,332.74,116.0,7.29,90.78,125.64,10577669.0,201.57,77.45,813.67,0.03044
2024-02-01,Karnataka,3148.03,337.23,114.52,7.239,93.2,126.88,10586491.0,201.59,80.08,823.63,0.03254
2024-03-01,Karnataka,3131.4,330.7,110.18,7.586,92.51,126.65,10593659.0,201.35,79.18,821.13,0.03172
2024-04-01,Karnataka,3213.9,343.9,114.41,7.703,94.87,127.01,10599719.0,202.73,78.33,837.68,0.03201
2024-05-01,Karnataka,3287.63,357.24,112.33,7.81,92.7,125.85,10608967.0,199.48,80.34,839.47,0.03052
2024-06-01,Karnataka,3277.42,351.9,109.27,7.38,96.49,128.63,10614709.0,201.17,77.99,838.34,0.03113
2024-07-01,Karnataka,3073.59,303.91,101.35,7.521,96.31,127.44,10622190.0,197.65,70.02,827.79,0.03287
2024-08-01,Karnataka,3114.55,309.04,108.48,6.898,96.89,126.73,10629054.0,199.73,71.87,834.31,0.03178
2024-09-01,Karnataka,3166.22,316.41,106.08,7.038,93.22,127.74,10637971.0,198.71,70.48,842.06,0.03063
2024-10-01,Karnataka,3160.92,310.42,107.79,6.916,91.41,128.51,10648035.0,199.7,72.89,852.55,0.03231
2024-11-01,Karnataka,3236.73,326.02,106.03,7.052,89.06,128.91,10654907.0,199.77,73.82,841.16,0.0328
2024-12-01,Karnataka,3264.55,328.22,104.71,6.997,86.34,129.84,10664159.0,199.45,72.51,846.73,0.03434
2025-01-01,Karnataka,3291.59,331.67,101.57,7.116,86.76,129.83,10673351.0,202.68,73.58,842.38,0.03289
2025-02-01,Karnataka,3353.98,338.63,102.41,7.686,87.42,130.65,10680275.0,197.61,74.28,868.97,0.03213
2025-03-01,Karnataka,3353.84,335.57,102.07,8.005,89.99,129.14,10684654.0,198.14,75.16,866.65,0.03337
2025-04-01,Karnataka,3417.2,346.23,104.24,7.831,86.84,131.66,10696335.0,200.63,73.58,869.02,0.03195
2025-05-01,Karnataka,3443.5,347.04,97.71,7.515,90.78,130.05,10702985.0,198.13,74.29,881.14,0.03286
2025-06-01,Karnataka,3478.29,352.45,103.72,7.51,88.7,131.64,10711674.0,196.8,76.54,874.66,0.03384
2025-07-01,Karnataka,3552.86,363.01,99.36,7.424,93.08,130.7,10716971.0,197.72,75.54,894.84,0.03484
2025-08-01,Karnataka,3601.88,369.61,95.99,7.277,93.2,131.22,10724203.0,198.25,75.92,902.18,0.03296
2025-09-01,Karnataka,3625.53,370.0,96.02,6.923,97.4,132.67,10735360.0,198.28,76.62,912.44,0.03298
2025-10-01,Karnataka,3649.02,372.27,96.84,6.909,96.59,133.84,10746294.0,196.58,76.28,909.35,0.03435
2025-11-01,Karnataka,3715.39,383.52,92.49,6.886,97.44,132.89,10751372.0,192.31,77.19,911.38,0.03322
2025-12-01,Karnataka,3722.13,383.95,95.44,7.245,98.53,134.32,10758434.0,194.84,78.54,894.47,0.03269
2018-01-01,Delhi,1002.29,50.0,176.85,6.387,84.37,99.56,10001563.0,221.08,39.18,511.4,0.01965
2018-02-01,Delhi,1005.72,50.0,180.13,6.583,85.81,98.72,10006901.0,221.37,40.89,503.86,0.01846
2018-03-01,Delhi,1032.36,50.0,180.5,6.906,89.22,101.51,10013301.0,220.02,40.05,532.44,0.02172
2018-04-01,Delhi,1021.99,50.0,178.07,7.163,89.9,100.04,10022508.0,217.94,42.19,503.01,0.02122
2018-05-01,Delhi,1075.04,56.08,170.55,7.113,89.23,100.77,10033755.0,221.51,41.78,530.72,0.02067
2018-06-01,Delhi,1066.2,53.05,174.64,6.726,89.95,101.25,10036985.0,220.89,42.6,524.15,0.02117
2018-07-01,Delhi,1089.92,54.71,174.68,6.7,90.29,101.44,10047567.0,217.08,41.91,536.06,0.02093
2018-08-01,Delhi,1082.6,52.43,169.93,6.471,88.0,101.68,10060598.0,219.4,43.29,526.39,0.01944
2018-09-01,Delhi,1085.6,56.68,174.35,6.306,87.57,103.59,10064420.0,218.41,43.42,544.87,0.02063
2018-10-01,Delhi,1139.09,63.96,168.43,6.029,84.87,103.46,10077304.0,220.74,43.42,544.69,0.02319
2018-11-01,Delhi,1162.15,60.63,168.97,6.263,83.81,104.51,10081790.0,216.27,45.59,551.62,0.02057
2018-12-01,Delhi,1219.7,70.57,173.72,6.378,82.67,103.09,10090170.0,219.63,44.39,558.59,0.02243
2019-01-01,Delhi,1206.63,64.95,167.13,6.721,81.89,104.39,10095048.0,215.11,46.38,562.04,0.02358
2019-02-01,Delhi,1266.26,75.54,167.24,6.715,81.59,104.77,10103808.0,215.29,44.85,567.5,0.02219
2019-03-01,Delhi,1246.38,71.75,169.28,6.938,81.63,104.82,10112412.0,216.21,45.19,547.4,0.0236
2019-04-01,Delhi,1255.78,69.6,169.11,7.012,82.71,105.22,10121481.0,215.33,45.78,561.56,0.02292
2019-05-01,Delhi,1292.23,75.37,167.76,6.981,81.78,106.31,10125862.0,217.85,47.45,563.39,0.02354
2019-06-01,Delhi,1344.74,83.32,163.24,6.857,83.37,106.82,10139790.0,212.7,46.96,575.22,0.02228
2019-07-01,Delhi,1380.96,86.74,165.67,6.635,86.46,106.11,10144176.0,212.92,45.67,592.48,0.02269
2019-08-01,Delhi,1395.21,87.38,164.32,6.474,87.58,105.08,10151389.0,216.28,46.76,594.39,0.02288
2019-09-01,Delhi,1394.11,84.68,162.75,6.362,88.6,106.89,10160182.0,213.46,47.38,595.12,0.0234
2019-10-01,Delhi,1408.92,86.92,164.62,6.171,91.53,107.09,10166495.0,214.66,49.61,586.56,0.02345
2019-11-01,Delhi,1462.49,93.78,159.55,6.422,92.28,108.27,10179051.0,212.68,47.87,606.66,0.02281
2019-12-01,Delhi,1505.83,100.78,160.33,6.386,93.29,107.89,10183547.0,215.86,49.98,609.58,0.02336
2020-01-01,Delhi,2073.46,225.33,159.26,6.464,92.86,108.19,10192801.0,212.16,70.47,623.41,0.02412
2020-02-01,Delhi,2050.01,216.61,160.61,7.264,90.25,109.46,10195628.0,213.71,70.82,629.74,0.02402
2020-03-01,Delhi,2117.87,229.84,154.92,7.001,89.14,109.54,10205907.0,214.98,71.39,627.66,0.02439
2020-04-01,Delhi,2100.99,220.89,154.86,7.317,88.03,111.3,10217463.0,212.66,70.34,645.55,0.02213
2020-05-01,Delhi,2121.74,225.49,151.58,7.125,87.51,109.72,10226022.0,211.24,72.04,628.83,0.02354
2020-06-01,Delhi,2140.07,225.21,156.24,6.887,85.98,109.57,10232810.0,210.97,70.05,641.71,0.02602
2020-07-01,Delhi,1701.5,124.36,153.26,6.695,82.68,110.68,10239940.0,212.1,51.07,631.99,0.02563
2020-08-01,Delhi,1726.33,126.28,156.81,6.45,83.52,110.03,10245192.0,213.6,52.35,639.61,0.0266
2020-09-01,Delhi,1748.31,129.83,151.46,6.48,84.32,110.82,10253833.0,211.6,52.73,631.32,0.02355
2020-10-01,Delhi,1765.33,127.98,155.27,6.234,82.8,111.82,10264189.0,210.71,53.08,652.3,0.02508
2020-11-01,Delhi,1792.68,133.87,151.21,6.32,84.14,111.84,10274321.0,211.28,52.22,636.03,0.02363
2020-12-01,Delhi,1855.32,144.5,150.14,6.431,87.93,113.46,10277481.0,211.12,53.57,642.15,0.02477
2021-01-01,Delhi,1836.06,136.01,149.01,6.842,87.82,112.81,10288803.0,212.74,53.16,651.59,0.0247
2021-02-01,Delhi,1888.3,142.02,147.89,6.931,88.47,112.48,10296048.0,210.29,55.17,672.9,0.02654
2021-03-01,Delhi,1930.12,148.7,143.98,7.329,90.99,113.54,10304018.0,209.64,54.5,673.1,0.0248
2021-04-01,Delhi,1894.77,137.95,146.99,7.34,91.1,114.54,10312117.0,209.02,54.11,672.36,0.02639
2021-05-01,Delhi,1966.41,150.82,139.34,7.369,93.83,114.62,10318992.0,210.82,56.63,676.29,0.02619
2021-06-01,Delhi,2048.9,167.17,143.97,7.267,91.32,114.36,10328519.0,210.34,55.47,673.1,0.02673
2021-07-01,Delhi,2048.71,164.7,142.44,6.966,92.87,115.63,10338397.0,209.29,56.3,669.9,0.0248
2021-08-01,Delhi,2110.04,173.2,139.07,6.729,91.08,115.58,10343457.0,205.99,57.61,687.24,0.02719
2021-09-01,Delhi,2055.01,159.21,138.3,6.18,90.62,115.74,10352463.0,209.93,56.34,677.22,0.02626
2021-10-01,Delhi,2115.33,166.77,137.42,6.463,88.57,115.94,10363288.0,206.32,58.55,699.1,0.02631
2021-11-01,Delhi,2184.48,180.31,140.76,6.419,85.72,115.86,10369490.0,208.49,57.55,693.5,0.02806
2021-12-01,Delhi,2217.23,181.29,143.39,6.62,85.97,117.07,10375123.0,206.71,58.11,717.18,0.02765
2022-01-01,Delhi,2690.28,284.6,133.91,7.139,84.15,117.78,10383739.0,208.18,76.56,725.19,0.02695
2022-02-01,Delhi,2718.56,286.55,133.77,7.464,83.99,116.8,10389445.0,206.63,74.6,734.92,0.02978
2022-03-01,Delhi,2795.31,299.2,133.94,7.471,84.41,117.11,10400469.0,208.6,75.79,746.58,0.02866
2022-04-01,Delhi,2743.13,283.82,135.4,7.24,82.83,118.72,10405287.0,207.42,78.46,749.4,0.02808
2022-05-01,Delhi,2774.2,289.5,135.57,7.547,87.43,119.24,10415738.0,205.66,77.47,737.33,0.02837
2022-06-01,Delhi,2866.95,307.06,134.2,7.272,88.29,117.97,10427962.0,203.65,77.69,739.76,0.02779
2022-07-01,Delhi,2400.27,199.21,132.0,7.269,87.34,118.6,10430920.0,204.78,61.15,730.08,0.02832
2022-08-01,Delhi,2486.76,215.27,134.92,6.915,92.68,119.22,10440895.0,206.52,61.51,732.72,0.02904
2022-09-01,Delhi,2479.76,210.5,130.05,6.799,92.61,119.04,10449885.0,207.38,62.1,732.31,0.02609
2022-10-01,Delhi,2488.18,206.96,130.68,6.656,92.17,119.26,10460636.0,205.68,64.09,747.37,0.0288
2022-11-01,Delhi,2532.57,213.31,129.32,6.819,95.8,119.71,10463976.0,203.7,62.06,750.52,0.02955
2022-12-01,Delhi,2606.73,224.27,125.97,6.844,94.07,120.1,10469788.0,204.15,62.61,768.26,0.02896
2023-01-01,Delhi,2626.55,227.13,126.52,7.35,94.72,122.18,10482025.0,203.67,63.71,756.56,0.0284
2023-02-01,Delhi,2624.13,225.62,126.6,7.602,92.96,120.97,10487788.0,209.58,65.88,740.05,0.02909
2023-03-01,Delhi,2707.35,237.79,126.36,7.703,88.65,122.12,10498335.0,203.63,65.3,763.14,0.02762
2023-04-01,Delhi,2737.63,240.47,119.09,7.289,89.84,121.11,10503651.0,204.81,64.56,768.58,0.02871
2023-05-01,Delhi,2756.49,241.93,118.78,7.696,87.5,122.35,10506590.0,203.36,65.27,764.37,0.03031
2023-06-01,Delhi,2797.98,245.58,122.68,6.939,85.52,123.15,10522880.0,203.54,65.32,780.31,0.02852
2023-07-01,Delhi,2848.23,253.24,126.31,7.118,86.58,121.66,10525215.0,204.14,66.35,782.19,0.02882
2023-08-01,Delhi,2859.2,250.47,121.98,6.894,85.07,123.41,10537012.0,202.81,67.42,794.25,0.03003
2023-09-01,Delhi,2889.16,254.28,118.8,6.683,85.66,124.14,10543359.0,204.23,67.4,790.56,0.03073
2023-10-01,Delhi,2949.29,263.13,114.05,7.14,84.85,123.76,10551231.0,201.89,67.12,799.18,0.03133
2023-11-01,Delhi,2979.19,267.61,119.02,6.766,87.6,123.81,10559104.0,201.3,66.4,790.42,0.03166
2023-12-01,Delhi,3025.13,274.21,113.45,6.655,89.42,125.54,10567668.0,200.66,68.27,792.0,0.03078
2024-01-01,Delhi,3411.31,352.33,113.83,7.326,91.49,124.68,10575990.0,198.67,81.53,833.33,0.03052
2024-02-01,Delhi,3481.22,364.45,117.46,7.12,93.51,126.06,10584811.0,201.93,81.87,834.1,0.03148
2024-03-01,Delhi,3516.17,369.28,111.16,7.647,93.06,126.31,10587604.0,200.06,83.12,830.15,0.02884
2024-04-01,Delhi,3527.66,365.64,112.05,7.523,94.2,125.08,10599442.0,201.36,83.64,847.57,0.03288
2024-05-01,Delhi,3589.79,376.07,110.01,7.617,96.77,126.71,10607470.0,200.9,82.39,847.29,0.03121
2024-06-01,Delhi,3645.9,385.85,107.42,7.51,95.74,126.04,10615432.0,202.72,83.7,841.85,0.03023
2024-07-01,Delhi,3296.75,303.25,108.95,7.368,94.54,127.66,10623576.0,199.5,69.71,838.22,0.03143
2024-08-01,Delhi,3331.7,307.65,111.94,7.237,94.97,127.07,10632311.0,200.9,72.58,836.34,0.03421
2024-09-01,Delhi,3430.15,323.83,107.18,6.76,91.94,127.15,10636826.0,198.91,73.15,852.59,0.03008
2024-10-01,Delhi,3369.25,308.76,105.33,6.901,93.72,127.79,10650765.0,201.78,72.26,834.51,0.03374
2024-11-01,Delhi,3479.69,328.56,103.15,7.169,89.78,128.56,10659461.0,199.14,73.83,844.27,0.03287
2024-12-01,Delhi,3456.06,317.28,102.67,7.287,88.35,129.86,10664076.0,200.46,72.21,857.99,0.03158
2025-01-01,Delhi,3532.7,331.3,97.6,7.243,88.03,129.09,10671390.0,198.84,74.5,854.31,0.03102
2025-02-01,Delhi,3567.26,333.66,100.74,7.578,85.01,131.16,10677302.0,199.71,74.34,864.85,0.03374
2025-03-01,Delhi,3634.96,345.12,104.85,8.073,87.62,131.19,10687308.0,197.49,75.04,864.52,0.03521
2025-04-01,Delhi,3688.71,350.85,101.47,7.702,87.57,130.29,10696920.0,196.42,74.67,881.5,0.03344
2025-05-01,Delhi,3651.69,340.12,104.2,7.387,88.48,131.9,10703964.0,197.89,75.22,869.75,0.03253
2025-06-01,Delhi,3752.06,356.28,105.38,7.675,91.3,131.51,10714872.0,196.47,74.81,887.56,0.03168
2025-07-01,Delhi,3797.16,363.65,103.45,7.106,93.33,131.91,10721590.0,197.13,76.33,879.27,0.0353
2025-08-01,Delhi,3825.88,364.1,99.88,7.471,93.08,133.02,10727563.0,197.83,75.76,892.83,0.03235
2025-09-01,Delhi,3879.41,370.46,101.79,6.92,95.11,133.22,10735215.0,197.34,76.83,904.32,0.03438
2025-10-01,Delhi,3947.37,380.71,100.0,7.128,97.36,132.08,10742401.0,195.76,76.88,911.46,0.0342
2025-11-01,Delhi,3926.29,372.58,96.8,7.225,95.67,132.18,10749056.0,196.67,78.48,905.66,0.0347
2025-12-01,Delhi,4010.46,386.33,94.6,7.185,98.55,132.29,10759355.0,197.47,78.42,913.7,0.03404
2018-01-01,Tamil Nadu,760.59,50.0,177.22,6.527,87.15,100.55,10001025.0,219.48,41.6,529.86,0.01985
2018-02-01,Tamil Nadu,842.06,50.0,178.17,6.537,84.7,99.65,10005804.0,221.16,40.36,518.85,0.02012
2018-03-01,Tamil Nadu,826.92,50.0,175.2,6.942,90.05,101.24,10016082.0,217.1,39.52,522.77,0.02032
2018-04-01,Tamil Nadu,857.12,50.0,179.8,7.027,88.41,101.51,10027474.0,218.93,43.5,505.3,0.02202
2018-05-01,Tamil Nadu,892.06,50.0,176.86,6.689,90.03,101.78,10034473.0,218.41,41.21,533.7,0.02088
2018-06-01,Tamil Nadu,888.24,59.98,176.5,6.671,91.4,101.94,10039519.0,219.91,40.12,525.29,0.02133
2018-07-01,Tamil Nadu,954.21,62.52,173.4,6.473,88.57,102.22,10047260.0,219.08,43.05,532.7,0.02027
2018-08-01,Tamil Nadu,874.46,58.09,176.87,6.499,89.56,103.34,10053839.0,218.66,43.45,539.18,0.01984
2018-09-01,Tamil Nadu,781.54,59.14,175.49,6.325,86.07,101.86,10063835.0,216.87,42.8,548.5,0.02073
2018-10-01,Tamil Nadu,824.11,69.44,171.67,6.048,84.51,103.59,10074057.0,218.16,43.36,550.33,0.02032
2018-11-01,Tamil Nadu,821.35,65.61,173.43,6.317,83.57,103.35,10080555.0,219.23,44.95,546.47,0.02016
2018-12-01,Tamil Nadu,936.91,69.77,166.45,6.333,82.27,104.18,10085698.0,217.55,43.51,555.84,0.02157
2019-01-01,Tamil Nadu,1078.51,74.25,166.11,6.599,80.19,104.17,10095904.0,216.6,44.13,562.25,0.02206
2019-02-01,Tamil Nadu,1107.36,72.05,164.11,6.784,78.13,104.33,10105439.0,217.34,45.33,548.98,0.02358
2019-03-01,Tamil Nadu,1148.68,77.47,164.33,7.038,81.65,105.65,10112272.0,217.22,45.55,564.68,0.02119
2019-04-01,Tamil Nadu,1125.61,74.21,167.41,7.204,81.76,107.44,10120904.0,214.87,46.81,557.68,0.02128
2019-05-01,Tamil Nadu,1153.86,72.52,160.96,6.971,85.49,104.45,10126749.0,215.89,45.83,583.15,0.02148
2019-06-01,Tamil Nadu,1162.38,74.31,163.88,7.024,84.61,105.21,10133753.0,214.58,46.05,572.16,0.02329
2019-07-01,Tamil Nadu,1216.18,83.24,168.8,6.76,85.08,107.17,10146208.0,213.3,46.77,582.69,0.0223
2019-08-01,Tamil Nadu,1247.65,89.21,163.33,6.481,89.16,106.31,10155970.0,215.57,44.56,578.52,0.02023
2019-09-01,Tamil Nadu,1077.07,91.09,163.38,6.105,89.04,105.96,10161582.0,216.99,47.97,587.74,0.02455
2019-10-01,Tamil Nadu,1062.63,93.16,160.35,6.5,90.57,108.17,10168261.0,211.85,47.49,578.58,0.02218
2019-11-01,Tamil Nadu,1140.55,95.07,158.92,6.194,89.22,108.27,10175784.0,213.71,49.25,593.42,0.02269
2019-12-01,Tamil Nadu,1325.21,101.36,156.56,6.458,92.37,108.7,10183472.0,215.11,49.04,593.64,0.02371
2020-01-01,Tamil Nadu,1584.88,151.06,157.31,6.785,92.14,108.91,10192486.0,210.76,59.41,616.88,0.0229
2020-02-01,Tamil Nadu,1627.5,159.71,152.61,6.63,90.32,109.81,10200693.0,212.04,59.73,610.99,0.02329
2020-03-01,Tamil Nadu,1643.66,159.55,154.86,7.285,90.42,110.18,10207373.0,212.5,60.82,624.13,0.02454
2020-04-01,Tamil Nadu,1691.21,168.67,155.47,7.272,88.87,108.81,10215591.0,214.23,59.57,622.43,0.02468
2020-05-01,Tamil Nadu,1723.54,171.9,153.52,6.797,85.36,107.95,10224204.0,213.46,60.02,637.24,0.02544
2020-06-01,Tamil Nadu,1737.79,173.61,154.01,6.83,82.35,110.46,10235323.0,213.35,60.33,634.21,0.024
2020-07-01,Tamil Nadu,1476.72,112.1,154.67,6.751,84.71,110.52,10237527.0,214.44,51.57,635.42,0.02332
2020-08-01,Tamil Nadu,1532.44,124.29,153.86,6.587,82.13,110.42,10252169.0,211.11,53.94,624.86,0.0252
2020-09-01,Tamil Nadu,1497.34,124.45,151.07,6.515,82.25,111.58,10254822.0,213.78,52.49,638.64,0.02527
2020-10-01,Tamil Nadu,1492.42,132.58,147.03,6.471,83.77,110.56,10263349.0,214.22,52.92,646.96,0.02452
2020-11-01,Tamil Nadu,1512.39,121.39,150.6,6.498,83.79,112.16,10271187.0,214.4,52.53,648.18,0.02404
2020-12-01,Tamil Nadu,1624.02,138.3,147.72,6.382,84.98,113.18,10279602.0,213.71,54.21,652.25,0.02451
2021-01-01,Tamil Nadu,1649.9,138.57,145.61,7.182,86.73,113.23,10291892.0,212.24,54.06,639.02,0.02574
2021-02-01,Tamil Nadu,1706.68,145.73,147.68,7.009,89.65,112.68,10294845.0,210.54,54.22,663.87,0.02537
2021-03-01,Tamil Nadu,1755.61,153.6,147.06,7.025,89.25,115.05,10300655.0,211.18,55.87,671.44,0.02595
2021-04-01,Tamil Nadu,1741.56,149.83,144.67,7.147,92.77,112.93,10310460.0,211.88,56.82,660.51,0.02612
2021-05-01,Tamil Nadu,1760.63,151.66,141.16,6.887,92.64,114.71,10319672.0,208.35,56.65,662.68,0.02597
2021-06-01,Tamil Nadu,1800.3,156.84,143.08,7.198,93.07,115.17,10330012.0,211.57,56.55,673.89,0.02588
2021-07-01,Tamil Nadu,1851.71,167.17,136.91,6.875,94.21,113.85,10335537.0,211.54,57.85,667.96,0.02478
2021-08-01,Tamil Nadu,1867.17,164.49,140.24,6.803,91.52,114.43,10343766.0,208.15,58.15,695.08,0.0266
2021-09-01,Tamil Nadu,1849.83,159.33,139.94,6.737,91.7,115.12,10353564.0,209.68,57.82,687.9,0.02765
2021-10-01,Tamil Nadu,1869.51,173.2,140.56,6.543,88.44,116.68,10359018.0,206.5,57.86,684.16,0.02528
2021-11-01,Tamil Nadu,1962.15,179.64,136.36,6.577,85.81,116.74,10370522.0,208.77,57.62,692.29,0.02654
2021-12-01,Tamil Nadu,1980.19,180.4,135.47,6.539,85.39,116.22,10378989.0,208.8,59.27,699.31,0.02754
2022-01-01,Tamil Nadu,2421.71,274.28,130.94,6.901,84.63,116.99,10384768.0,207.54,73.91,727.64,0.02734
2022-02-01,Tamil Nadu,2465.33,280.4,134.45,7.367,85.68,117.02,10392370.0,208.79,76.16,737.51,0.02725
2022-03-01,Tamil Nadu,2502.49,288.2,134.27,7.365,85.09,118.01,10401033.0,208.52,77.14,725.64,0.02675
2022-04-01,Tamil Nadu,2524.68,290.0,133.98,7.44,84.57,117.61,10407851.0,208.79,77.57,731.49,0.02731
2022-05-01,Tamil Nadu,2575.35,296.63,132.9,7.315,87.5,118.57,10414991.0,204.77,77.31,748.47,0.02671
2022-06-01,Tamil Nadu,2583.7,297.64,135.66,7.197,89.33,117.9,10423090.0,206.21,77.12,737.82,0.02809
2022-07-01,Tamil Nadu,2177.7,203.3,131.25,7.142,88.52,119.51,10431179.0,206.38,62.14,735.19,0.02772
2022-08-01,Tamil Nadu,2247.18,215.66,132.01,6.859,93.89,118.6,10443129.0,207.41,63.65,741.76,0.02714
2022-09-01,Tamil Nadu,2275.79,219.92,130.73,6.785,92.66,118.61,10449191.0,203.81,60.88,740.03,0.02772
2022-10-01,Tamil Nadu,2259.26,212.77,125.42,6.695,91.93,120.35,10459061.0,207.28,64.04,746.14,0.02879
2022-11-01,Tamil Nadu,2304.15,219.86,127.59,6.455,94.91,119.8,10465913.0,205.47,63.4,750.09,0.03045
2022-12-01,Tamil Nadu,2295.92,216.03,126.77,7.028,94.18,121.31,10472730.0,207.52,62.99,746.05,0.02859
2023-01-01,Tamil Nadu,2396.04,234.59,124.05,7.476,96.48,120.67,10479662.0,206.68,64.87,757.27,0.02853
2023-02-01,Tamil Nadu,2379.73,228.83,129.06,7.259,91.72,121.89,10490833.0,204.33,64.94,753.61,0.02945
2023-03-01,Tamil Nadu,2425.42,234.17,130.04,7.249,91.31,121.93,10496513.0,202.53,64.75,770.31,0.03029
2023-04-01,Tamil Nadu,2412.16,228.48,126.96,7.426,92.09,122.08,10504419.0,203.67,66.16,770.68,0.02977
2023-05-01,Tamil Nadu,2450.7,234.19,123.19,7.626,86.08,122.27,10514620.0,206.69,65.73,773.46,0.02992
2023-06-01,Tamil Nadu,2533.45,247.85,128.29,7.449,88.59,123.44,10518835.0,205.25,63.73,790.55,0.03039
2023-07-01,Tamil Nadu,2545.97,249.52,122.45,7.326,85.54,121.69,10526967.0,203.94,65.07,780.18,0.02975
2023-08-01,Tamil Nadu,2520.77,240.45,117.19,6.949,85.38,123.18,10539743.0,203.37,65.58,784.59,0.03022
2023-09-01,Tamil Nadu,2650.62,268.71,114.83,6.795,86.23,123.97,10540313.0,203.64,66.27,774.5,0.03075
2023-10-01,Tamil Nadu,2610.14,254.23,118.32,6.971,85.34,123.57,10549171.0,200.73,67.9,791.95,0.02935
2023-11-01,Tamil Nadu,2679.53,267.15,118.66,6.646,87.31,125.06,10559586.0,201.06,67.5,792.61,0.0316
2023-12-01,Tamil Nadu,2726.6,273.87,121.68,6.696,87.8,123.78,10572119.0,202.22,69.12,800.83,0.03044
2024-01-01,Tamil Nadu,3060.05,343.17,113.62,7.371,90.23,122.48,10573772.0,200.97,79.52,826.18,0.02898
2024-02-01,Tamil Nadu,3072.99,343.76,114.19,7.452,92.61,126.13,10583335.0,202.65,79.84,823.03,0.03119
2024-03-01,Tamil Nadu,3085.83,343.34,108.13,7.746,94.31,124.38,10591825.0,201.61,81.36,826.5,0.02982
2024-04-01,Tamil Nadu,3146.85,353.95,111.0,7.223,95.29,126.3,10600398.0,202.47,79.87,829.22,0.03138
2024-05-01,Tamil Nadu,3162.68,353.53,107.57,7.727,95.28,127.28,10611763.0,199.19,82.59,837.09,0.03053
2024-06-01,Tamil Nadu,3197.01,357.24,112.38,7.582,96.41,126.78,10618269.0,201.5,82.91,845.38,0.03195
2024-07-01,Tamil Nadu,2964.9,306.04,109.7,7.19,95.69,128.4,10624013.0,199.62,70.45,814.68,0.03307
2024-08-01,Tamil Nadu,2939.71,294.91,107.55,6.96,93.48,127.6,10634311.0,202.86,72.21,831.68,0.03096
2024-09-01,Tamil Nadu,3053.46,315.01,104.75,6.998,92.9,127.62,10641154.0,201.32,72.13,850.97,0.03137
2024-10-01,Tamil Nadu,3065.17,315.53,102.91,6.927,91.45,128.33,10647316.0,201.71,72.39,845.3,0.03151
2024-11-01,Tamil Nadu,3157.2,333.23,105.89,7.001,87.57,129.32,10656766.0,199.08,72.32,846.86,0.03324
2024-12-01,Tamil Nadu,3132.13,322.49,107.64,7.101,87.2,128.76,10663999.0,199.13,72.86,860.82,0.03133
2025-01-01,Tamil Nadu,3176.7,327.42,101.92,7.605,86.43,128.22,10673249.0,200.27,73.98,875.79,0.03224
2025-02-01,Tamil Nadu,3220.16,334.16,103.17,7.515,86.82,129.65,10680249.0,197.02,72.18,876.42,0.03179
2025-03-01,Tamil Nadu,3230.48,336.48,104.55,7.803,86.65,127.97,10690458.0,198.8,75.53,855.55,0.03443
2025-04-01,Tamil Nadu,3301.36,346.5,98.49,7.879,87.72,130.16,10694717.0,197.94,74.45,876.19,0.03331
2025-05-01,Tamil Nadu,3343.29,352.68,100.81,8.035,88.83,131.4,10700317.0,199.7,76.2,877.89,0.03273
2025-06-01,Tamil Nadu,3359.0,352.31,101.07,7.481,90.29,131.05,10708030.0,196.96,74.46,883.5,0.03361
2025-07-01,Tamil Nadu,3410.25,360.24,101.7,7.411,90.4,131.69,10722275.0,195.57,75.05,887.5,0.03261
2025-08-01,Tamil Nadu,3454.19,365.59,96.57,7.207,93.05,132.79,10727185.0,194.95,75.03,897.67,0.03362
2025-09-01,Tamil Nadu,3496.73,371.11,96.73,7.077,95.94,132.17,10735090.0,198.8,77.02,904.33,0.03268
2025-10-01,Tamil Nadu,3526.7,375.56,96.56,6.922,95.91,132.6,10745503.0,196.82,77.97,898.55,0.03476
2025-11-01,Tamil Nadu,3560.27,376.96,97.37,7.169,97.63,134.39,10753260.0,196.64,79.35,919.24,0.03345
2025-12-01,Tamil Nadu,3597.57,385.63,98.4,7.299,98.18,134.32,10763195.0,195.48,78.9,895.69,0.03431
2018-01-01,Gujarat,767.09,50.0,180.73,6.552,84.58,99.94,10000995.0,219.96,39.95,511.77,0.02008
2018-02-01,Gujarat,757.24,50.0,178.97,6.606,87.54,99.35,10009879.0,220.04,41.83,516.46,0.01919
2018-03-01,Gujarat,693.1,50.0,179.09,6.992,88.92,100.26,10019797.0,217.34,40.36,497.27,0.02153
2018-04-01,Gujarat,777.48,53.98,178.98,6.968,91.25,100.61,10020992.0,219.7,40.92,517.93,0.02113
2018-05-01,Gujarat,807.58,56.2,181.26,6.802,93.63,102.14,10030631.0,221.05,39.98,520.97,0.02113
2018-06-01,Gujarat,900.58,50.0,172.67,6.731,90.07,100.57,10039330.0,219.94,41.06,528.92,0.02034
2018-07-01,Gujarat,852.24,50.0,168.0,6.716,89.58,101.58,10050732.0,217.31,42.95,516.15,0.02053
2018-08-01,Gujarat,784.15,53.79,174.34,6.428,88.09,104.34,10058216.0,219.66,42.56,526.21,0.02161
2018-09-01,Gujarat,753.8,58.07,172.06,6.397,85.7,104.02,10064314.0,218.17,41.4,542.01,0.02009
2018-10-01,Gujarat,728.23,59.36,171.89,6.511,84.53,104.02,10072921.0,216.32,43.46,542.19,0.02021
2018-11-01,Gujarat,786.61,58.37,171.29,6.423,85.89,103.44,10081764.0,221.47,42.44,546.94,0.02066
2018-12-01,Gujarat,794.1,50.0,168.45,6.537,82.89,103.92,10087516.0,216.75,44.04,548.81,0.02243
2019-01-01,Gujarat,944.84,69.55,172.08,6.96,81.63,104.77,10096467.0,217.72,44.32,555.42,0.02373
2019-02-01,Gujarat,975.61,65.75,171.87,6.827,82.77,104.28,10104512.0,215.44,45.51,561.29,0.0227
2019-03-01,Gujarat,1106.21,72.69,164.85,7.168,80.43,104.31,10113170.0,220.2,45.92,566.04,0.02232
2019-04-01,Gujarat,1082.56,73.61,169.03,7.394,82.45,105.36,10118177.0,218.51,44.54,549.42,0.02259
2019-05-01,Gujarat,1134.83,75.85,163.72,7.064,84.84,105.02,10127063.0,214.08,46.46,578.09,0.02226
2019-06-01,Gujarat,1157.06,88.41,164.47,6.937,85.8,106.11,10135841.0,213.54,47.69,565.46,0.02155
2019-07-01,Gujarat,1203.25,87.13,161.17,6.645,84.72,106.39,10142934.0,216.44,47.46,572.97,0.02451
2019-08-01,Gujarat,1116.73,86.82,163.93,6.544,89.91,106.96,10153952.0,216.03,46.04,580.78,0.02217
2019-09-01,Gujarat,1031.43,87.06,160.95,6.348,87.92,107.87,10158410.0,216.5,47.79,588.49,0.0218
2019-10-01,Gujarat,1015.39,89.26,159.99,5.945,90.86,107.13,10169035.0,213.21,48.32,593.61,0.02244
2019-11-01,Gujarat,1094.06,94.96,158.0,5.857,91.8,107.52,10174909.0,212.19,49.94,595.04,0.02286
2019-12-01,Gujarat,1208.04,96.62,159.99,6.429,88.53,109.17,10186567.0,214.03,48.84,603.2,0.0254
2020-01-01,Gujarat,1621.33,165.69,159.65,6.727,91.06,107.88,10189946.0,214.27,59.66,614.32,0.02178
2020-02-01,Gujarat,1658.19,171.66,155.7,6.91,89.31,109.03,10200181.0,214.84,59.99,618.49,0.02504
2020-03-01,Gujarat,1678.67,173.13,157.28,6.91,89.67,109.46,10207132.0,213.63,61.71,627.86,0.02317
2020-04-01,Gujarat,1698.64,175.52,159.95,7.208,87.01,109.41,10218001.0,212.25,63.18,629.97,0.02482
2020-05-01,Gujarat,1736.97,180.74,154.67,7.117,84.85,110.14,10225455.0,213.56,60.65,641.18,0.02367
2020-06-01,Gujarat,1720.06,175.61,156.15,7.017,83.9,111.32,10232734.0,212.31,62.2,637.11,0.02371
2020-07-01,Gujarat,1468.78,118.99,152.8,6.727,82.58,110.67,10236647.0,212.34,53.43,620.72,0.0245
2020-08-01,Gujarat,1453.34,134.12,152.44,6.667,84.75,110.48,10245450.0,212.01,53.95,628.76,0.02402
2020-09-01,Gujarat,1407.61,121.25,148.16,6.579,81.52,110.46,10254355.0,212.51,54.11,624.43,0.02356
2020-10-01,Gujarat,1374.26,122.97,150.57,6.229,82.14,111.76,10263013.0,210.24,52.53,645.5,0.02482
2020-11-01,Gujarat,1468.64,134.16,149.86,6.562,84.29,112.87,10271432.0,213.05,54.12,637.62,0.02522
2020-12-01,Gujarat,1583.74,136.47,151.69,6.725,88.03,112.42,10279618.0,210.9,54.69,642.77,0.02414
2021-01-01,Gujarat,1671.53,146.03,146.27,6.825,86.3,111.5,10287348.0,212.98,53.52,670.84,0.02517
2021-02-01,Gujarat,1684.49,147.12,148.85,6.795,89.33,112.05,10292517.0,212.65,56.33,669.71,0.02613
2021-03-01,Gujarat,1652.65,138.99,148.37,7.289,91.68,112.96,10302033.0,210.44,56.37,661.77,0.0244
2021-04-01,Gujarat,1710.76,148.52,148.87,7.461,93.62,113.2,10310820.0,208.28,55.97,672.96,0.02761
2021-05-01,Gujarat,1758.67,157.43,144.36,7.076,93.01,113.48,10319515.0,208.99,58.29,672.27,0.02634
2021-06-01,Gujarat,1741.4,152.43,144.89,7.237,93.01,114.46,10329010.0,206.93,58.12,665.21,0.02479
2021-07-01,Gujarat,1790.75,158.98,137.68,6.826,91.45,115.13,10336833.0,210.87,56.08,682.78,0.02493
2021-08-01,Gujarat,1809.22,160.97,141.67,6.531,91.12,115.78,10341234.0,210.76,56.35,683.29,0.0256
2021-09-01,Gujarat,1814.55,161.79,143.73,6.676,90.65,116.48,10352905.0,207.89,57.34,671.22,0.02515
2021-10-01,Gujarat,1770.21,169.6,134.64,6.958,88.46,116.62,10361486.0,209.64,57.22,690.06,0.02586
2021-11-01,Gujarat,1818.72,177.46,141.1,6.377,88.22,116.14,10367404.0,208.71,58.16,695.79,0.02872
2021-12-01,Gujarat,1937.08,180.09,137.12,6.866,84.26,115.97,10373859.0,207.01,58.7,691.81,0.02713
2022-01-01,Gujarat,2435.09,286.88,137.5,6.935,83.6,116.72,10382892.0,209.77,79.13,720.51,0.02837
2022-02-01,Gujarat,2501.93,297.24,139.13,7.001,85.48,115.52,10390877.0,206.83,77.7,738.32,0.02614
2022-03-01,Gujarat,2577.89,310.88,132.78,7.229,84.82,118.13,10400464.0,207.66,77.41,747.69,0.02781
2022-04-01,Gujarat,2593.5,312.37,135.32,7.485,84.64,117.13,10407706.0,208.61,79.34,746.2,0.02631
2022-05-01,Gujarat,2570.55,307.46,128.72,7.358,87.85,119.13,10415289.0,209.55,81.8,728.32,0.0276
2022-06-01,Gujarat,2599.03,306.32,128.38,7.255,86.95,119.55,10422551.0,206.67,80.09,764.73,0.02719
2022-07-01,Gujarat,2115.21,198.54,128.12,6.923,89.21,117.98,10429845.0,206.61,62.61,733.75,0.02858
2022-08-01,Gujarat,2160.26,207.43,131.97,6.985,91.97,121.82,10440178.0,207.0,62.38,726.87,0.02879
2022-09-01,Gujarat,2205.09,215.24,128.8,6.577,90.8,119.36,10446684.0,206.33,61.61,726.97,0.02853
2022-10-01,Gujarat,2234.67,221.42,128.67,6.533,90.88,120.41,10456641.0,204.8,62.13,730.12,0.0292
2022-11-01,Gujarat,2223.64,212.06,132.92,6.738,93.78,119.87,10465592.0,206.25,64.47,744.9,0.02926
2022-12-01,Gujarat,2309.58,228.88,125.52,7.086,94.76,121.84,10472686.0,203.69,63.21,746.9,0.03036
2023-01-01,Gujarat,2315.74,226.87,121.66,7.047,93.5,119.39,10481037.0,204.71,63.98,753.52,0.02897
2023-02-01,Gujarat,2354.21,232.36,122.47,7.169,90.6,121.38,10487590.0,203.88,63.66,759.0,0.02918
2023-03-01,Gujarat,2423.81,243.16,125.89,7.431,91.51,121.97,10496482.0,200.16,63.89,776.48,0.03022
2023-04-01,Gujarat,2400.48,235.8,131.62,7.423,90.67,121.25,10503955.0,205.19,63.53,773.52,0.02949
2023-05-01,Gujarat,2438.47,244.0,118.58,7.6,87.94,123.01,10511959.0,204.06,66.12,759.2,0.02929
2023-06-01,Gujarat,2482.12,250.06,119.32,7.261,84.86,123.56,10518249.0,204.12,66.85,768.36,0.02965
2023-07-01,Gujarat,2527.73,256.07,119.67,7.25,85.76,123.84,10527216.0,201.31,66.1,780.82,0.02873
2023-08-01,Gujarat,2539.66,255.28,117.65,7.003,86.64,122.88,10535638.0,203.34,67.13,787.19,0.02955
2023-09-01,Gujarat,2524.79,249.86,117.39,6.788,85.37,121.48,10544789.0,203.9,66.75,783.47,0.02971
2023-10-01,Gujarat,2636.76,277.0,120.52,6.952,85.77,124.33,10552371.0,199.62,66.22,800.67,0.03264
2023-11-01,Gujarat,2646.23,268.91,115.61,6.746,86.32,124.47,10558283.0,203.07,69.37,806.34,0.02916
2023-12-01,Gujarat,2654.91,268.35,110.6,7.362,91.48,125.39,10567968.0,198.91,68.98,805.63,0.03003
2024-01-01,Gujarat,2961.57,333.41,116.87,7.177,90.84,123.86,10575504.0,201.79,78.37,819.21,0.03153
2024-02-01,Gujarat,2960.25,330.31,117.45,7.565,90.08,125.0,10583597.0,198.62,78.85,820.12,0.03183
2024-03-01,Gujarat,3015.13,339.0,113.41,7.737,96.19,125.47,10591993.0,201.4,79.12,827.56,0.03032
2024-04-01,Gujarat,3081.73,348.16,111.59,7.638,96.98,126.34,10597228.0,202.1,80.24,850.03,0.02938
2024-05-01,Gujarat,3102.44,352.92,112.7,7.634,95.09,127.69,10606138.0,202.38,79.63,830.86,0.02977
2024-06-01,Gujarat,3119.94,354.63,109.47,7.316,98.06,127.44,10615811.0,196.92,78.73,827.58,0.03186
2024-07-01,Gujarat,2852.54,293.14,109.14,7.219,96.49,128.72,10625442.0,200.02,71.04,813.48,0.0311
2024-08-01,Gujarat,2931.45,304.22,108.05,6.985,94.09,126.32,10632565.0,199.39,70.71,841.47,0.03092
2024-09-01,Gujarat,2981.27,311.97,109.23,7.028,94.52,128.75,10638685.0,202.39,70.3,846.75,0.0333
2024-10-01,Gujarat,3030.84,320.77,109.55,6.85,90.41,128.27,10649620.0,200.02,74.19,844.33,0.03359
2024-11-01,Gujarat,3020.67,315.01,108.3,7.045,89.38,128.52,10658822.0,200.93,73.66,848.5,0.03143
2024-12-01,Gujarat,3079.21,324.44,106.11,7.231,88.0,129.44,10666509.0,200.03,72.45,855.53,0.03183
2025-01-01,Gujarat,3110.18,327.01,103.79,7.408,87.79,128.14,10669047.0,201.63,72.88,866.49,0.03143
2025-02-01,Gujarat,3165.19,335.17,96.17,7.686,86.98,130.15,10679500.0,200.21,73.2,876.48,0.03353
2025-03-01,Gujarat,3200.05,338.57,99.66,7.908,88.95,129.27,10689171.0,197.91,72.85,887.56,0.03291
2025-04-01,Gujarat,3238.05,344.0,102.76,7.812,90.48,130.59,10699434.0,197.51,75.41,889.42,0.03386
2025-05-01,Gujarat,3299.02,356.45,100.45,7.697,87.89,129.9,10703536.0,195.44,72.38,878.84,0.03378
2025-06-01,Gujarat,3269.92,346.9,101.29,7.509,91.19,131.22,10714216.0,198.41,76.11,878.66,0.03241
2025-07-01,Gujarat,3366.96,364.57,99.89,7.368,92.12,131.47,10719180.0,197.09,74.95,888.32,0.03425
2025-08-01,Gujarat,3389.94,365.93,98.48,7.39,91.79,130.69,10726289.0,195.4,76.26,894.24,0.03385
2025-09-01,Gujarat,3444.9,374.62,97.53,7.244,94.5,132.34,10737913.0,196.98,76.07,899.58,0.03466
2025-10-01,Gujarat,3411.62,364.79,95.04,6.918,98.14,133.04,10746027.0,194.65,77.17,894.29,0.03257
2025-11-01,Gujarat,3494.82,379.58,90.43,7.18,98.25,133.17,10748567.0,197.51,77.72,901.57,0.03284
2025-12-01,Gujarat,3480.26,373.43,85.75,7.162,95.37,134.31,10763449.0,197.19,76.07,900.02,0.03509
2018-01-01,Telangana,666.5,50.0,180.55,6.676,85.17,99.75,10001672.0,220.77,40.03,504.47,0.02173
2018-02-01,Telangana,663.41,50.0,177.88,6.766,88.7,99.47,10007311.0,220.08,42.0,510.59,0.02118
2018-03-01,Telangana,662.88,50.0,179.25,6.901,89.11,99.82,10014425.0,215.88,41.47,519.22,0.02046
2018-04-01,Telangana,661.97,50.0,178.6,7.034,89.87,100.12,10027553.0,219.65,40.6,516.25,0.02142
2018-05-01,Telangana,745.56,54.74,171.62,7.061,89.86,101.58,10031927.0,218.95,41.84,519.7,0.02204
2018-06-01,Telangana,772.82,56.31,178.4,6.751,89.45,101.69,10037839.0,220.16,40.62,531.13,0.02145
2018-07-01,Telangana,816.41,55.56,174.27,6.386,89.0,102.36,10048451.0,217.16,42.52,547.09,0.01925
2018-08-01,Telangana,726.04,51.95,170.84,6.28,88.2,102.35,10056617.0,220.51,40.94,534.13,0.02038
2018-09-01,Telangana,610.25,62.8,171.51,6.312,86.84,103.79,10063461.0,219.71,43.01,539.91,0.0211
2018-10-01,Telangana,581.84,63.17,170.8,6.024,85.68,102.63,10073400.0,218.15,43.32,537.89,0.02001
2018-11-01,Telangana,629.09,65.53,171.4,6.283,83.6,103.43,10075287.0,215.21,44.08,559.97,0.02191
2018-12-01,Telangana,779.49,66.0,170.46,6.363,84.23,103.86,10091565.0,219.51,44.16,552.93,0.02196
2019-01-01,Telangana,916.37,62.15,168.76,6.565,83.56,104.98,10096201.0,217.91,45.17,565.18,0.02122
2019-02-01,Telangana,961.12,77.62,168.4,6.743,82.88,105.33,10103024.0,216.31,45.53,567.46,0.02275
2019-03-01,Telangana,963.47,81.14,165.75,7.167,81.29,104.34,10109470.0,215.88,45.39,565.09,0.02248
2019-04-01,Telangana,955.2,75.97,163.27,7.243,81.85,105.42,10117171.0,215.47,46.6,574.95,0.02176
2019-05-01,Telangana,928.19,66.76,165.55,6.865,82.66,106.09,10131313.0,216.89,44.99,565.88,0.02279
2019-06-01,Telangana,1072.88,81.45,163.64,6.927,86.08,105.12,10134693.0,215.16,46.74,568.69,0.02452
2019-07-01,Telangana,999.75,79.95,165.82,6.561,83.67,106.2,10147032.0,216.87,47.81,575.66,0.02192
2019-08-01,Telangana,948.45,93.07,167.15,6.427,90.07,105.4,10151851.0,215.08,46.34,601.04,0.0215
2019-09-01,Telangana,952.74,100.67,160.55,6.104,88.89,107.43,10160492.0,214.77,47.48,594.84,0.02486
2019-10-01,Telangana,837.58,90.48,164.95,6.12,89.75,106.24,10169620.0,212.94,47.22,588.56,0.0231
2019-11-01,Telangana,1054.93,101.52,162.79,6.176,91.82,108.09,10176400.0,217.04,47.83,594.2,0.02264
2019-12-01,Telangana,1117.35,104.27,161.33,6.299,90.86,109.21,10183584.0,214.9,48.78,602.28,0.02262
2020-01-01,Telangana,1607.84,187.53,156.38,6.668,89.97,108.62,10194447.0,213.53,66.36,617.3,0.02454
2020-02-01,Telangana,1688.18,189.82,158.97,6.929,90.15,109.36,10203524.0,213.63,63.2,623.9,0.02321
2020-03-01,Telangana,1674.81,185.71,156.57,6.965,88.15,109.8,10208394.0,214.03,64.28,620.05,0.023
2020-04-01,Telangana,1692.06,185.93,153.92,7.24,85.68,109.39,10214778.0,211.75,64.44,634.14,0.02272
2020-05-01,Telangana,1784.51,204.81,152.65,6.874,86.87,110.21,10220213.0,211.81,65.14,637.37,0.02436
2020-06-01,Telangana,1758.44,196.25,151.39,6.981,82.23,110.44,10229866.0,213.99,66.46,643.94,0.02359
2020-07-01,Telangana,1369.5,120.22,153.4,6.651,83.17,111.37,10241482.0,212.52,51.37,627.26,0.02406
2020-08-01,Telangana,1295.24,120.36,154.4,6.513,82.7,110.45,10247889.0,212.66,52.56,626.32,0.02199
2020-09-01,Telangana,1186.5,127.48,148.24,6.438,82.42,111.73,10252425.0,209.22,52.36,644.35,0.02507
2020-10-01,Telangana,1197.51,135.3,148.49,6.384,84.82,112.11,10265666.0,212.5,52.96,637.7,0.02433
2020-11-01,Telangana,1201.07,129.36,153.51,6.652,84.37,112.2,10271288.0,209.81,53.55,636.79,0.0274
2020-12-01,Telangana,1375.17,129.77,147.26,6.644,86.23,111.87,10278067.0,209.69,53.56,658.77,0.0254
2021-01-01,Telangana,1541.24,133.3,150.49,6.812,87.13,111.33,10290085.0,209.79,54.71,653.4,0.0263
2021-02-01,Telangana,1600.74,142.97,148.18,6.843,88.26,111.9,10297636.0,209.26,52.96,667.48,0.0254
2021-03-01,Telangana,1653.42,153.98,145.75,7.108,90.24,112.84,10304547.0,209.4,56.4,665.89,0.02609
2021-04-01,Telangana,1650.74,150.86,144.72,7.426,91.13,114.36,10313704.0,210.37,56.03,666.1,0.02385
2021-05-01,Telangana,1576.71,151.0,143.08,7.305,92.33,113.56,10318902.0,210.89,56.1,665.95,0.0251
2021-06-01,Telangana,1696.39,157.61,144.12,7.144,93.07,115.27,10327791.0,207.01,54.9,665.36,0.02793
2021-07-01,Telangana,1676.31,149.8,143.07,7.164,93.33,113.32,10336119.0,209.43,56.78,674.71,0.02681
2021-08-01,Telangana,1722.95,166.53,139.75,6.779,92.32,115.7,10344874.0,209.03,56.01,692.32,0.02557
2021-09-01,Telangana,1605.11,172.64,139.61,6.825,90.65,115.68,10355793.0,209.0,57.27,693.99,0.02674
2021-10-01,Telangana,1607.85,167.0,138.78,6.463,87.5,114.29,10357541.0,208.72,59.22,685.88,0.02643
2021-11-01,Telangana,1651.19,178.82,139.72,6.972,87.29,115.86,10370895.0,207.26,59.01,689.97,0.02692
2021-12-01,Telangana,1767.51,169.62,141.99,6.679,85.93,115.76,10377246.0,206.61,59.71,709.47,0.02559
2022-01-01,Telangana,2122.57,235.18,133.91,7.022,84.96,118.09,10383994.0,207.53,69.77,704.67,0.02785
2022-02-01,Telangana,2171.21,244.13,138.0,7.43,85.45,117.46,10390282.0,210.71,69.37,705.35,0.02748
2022-03-01,Telangana,2172.46,239.14,133.19,7.248,85.1,117.67,10400721.0,208.25,70.01,727.73,0.02916
2022-04-01,Telangana,2258.03,256.08,131.25,7.256,85.08,117.15,10405826.0,207.63,71.64,730.93,0.02829
2022-05-01,Telangana,2241.83,250.2,137.18,7.459,85.03,117.03,10418380.0,205.47,71.36,731.94,0.02685
2022-06-01,Telangana,2267.6,255.47,134.49,7.109,88.07,118.91,10425420.0,205.55,72.06,721.76,0.02773
2022-07-01,Telangana,1989.68,189.13,134.53,7.135,89.65,120.32,10431799.0,205.9,61.25,729.26,0.02632
2022-08-01,Telangana,2061.07,204.98,128.63,6.629,92.13,118.55,10440448.0,205.15,63.15,717.39,0.02883
2022-09-01,Telangana,1964.51,205.75,128.74,6.746,91.84,120.18,10447445.0,206.45,62.39,737.05,0.02938
2022-10-01,Telangana,1975.67,227.4,130.21,6.424,95.19,119.6,10457744.0,208.07,62.37,737.36,0.02679
2022-11-01,Telangana,2013.81,219.32,133.3,6.621,95.79,120.79,10461847.0,205.09,62.22,746.17,0.03133
2022-12-01,Telangana,2166.03,216.4,127.32,6.933,95.68,120.17,10472102.0,206.59,63.31,743.96,0.02896
2023-01-01,Telangana,2231.3,224.63,127.25,7.239,93.75,120.32,10476381.0,202.67,63.1,774.37,0.02783
2023-02-01,Telangana,2305.41,238.94,121.3,7.465,91.38,120.82,10489071.0,201.87,63.71,776.7,0.0305
2023-03-01,Telangana,2302.64,238.07,122.94,7.416,93.02,121.52,10496418.0,202.9,65.19,763.1,0.02798
2023-04-01,Telangana,2306.8,236.68,123.02,7.593,91.95,122.4,10508418.0,204.23,66.16,763.86,0.0288
2023-05-01,Telangana,2380.13,249.14,122.32,7.323,86.58,122.64,10508572.0,202.96,65.53,777.28,0.03122
2023-06-01,Telangana,2343.27,239.64,121.78,7.35,86.82,123.85,10517953.0,202.09,65.94,769.44,0.02828
2023-07-01,Telangana,2358.46,242.93,115.65,7.131,86.88,124.28,10528065.0,204.55,67.77,754.92,0.03084
2023-08-01,Telangana,2404.11,244.59,120.35,7.001,85.0,123.89,10535030.0,203.79,65.63,799.04,0.02997
2023-09-01,Telangana,2419.65,259.45,118.73,6.716,86.56,124.3,10542674.0,202.74,69.52,799.01,0.03109
2023-10-01,Telangana,2419.57,255.74,119.6,6.577,84.65,123.71,10548473.0,201.92,67.55,796.65,0.0334
2023-11-01,Telangana,2498.48,271.53,119.46,6.697,89.12,123.89,10560431.0,203.06,69.65,803.23,0.02869
2023-12-01,Telangana,2606.15,279.35,114.35,6.758,88.81,125.66,10570219.0,201.94,69.4,811.47,0.03045
2024-01-01,Telangana,3125.85,391.28,115.4,7.067,91.49,127.17,10577071.0,197.85,87.9,837.63,0.03111
2024-02-01,Telangana,3099.75,383.16,115.71,7.446,92.77,125.56,10586170.0,202.99,88.01,836.23,0.02995
2024-03-01,Telangana,3192.64,401.1,117.03,7.662,92.27,126.16,10591137.0,199.27,88.25,841.44,0.03209
2024-04-01,Telangana,3188.63,398.02,107.81,7.819,94.43,125.65,10599727.0,202.37,89.25,839.72,0.03133
2024-05-01,Telangana,3248.16,408.09,111.22,8.054,97.84,126.02,10611228.0,200.74,89.17,846.69,0.03079
2024-06-01,Telangana,3265.38,406.24,109.17,7.696,95.26,127.04,10619575.0,202.24,90.12,869.44,0.03084
2024-07-01,Telangana,2820.57,306.82,106.07,7.332,93.57,128.27,10624467.0,201.98,71.11,840.88,0.03185
2024-08-01,Telangana,2830.32,307.75,107.98,6.869,94.99,127.84,10632997.0,198.43,71.25,832.64,0.03165
2024-09-01,Telangana,2830.43,314.34,109.88,6.762,94.49,128.57,10637168.0,199.46,73.04,842.57,0.03103
2024-10-01,Telangana,2903.42,317.09,107.92,6.693,90.79,127.66,10650047.0,198.39,72.71,848.04,0.03097
2024-11-01,Telangana,2926.75,318.22,107.41,6.839,88.33,128.25,10656544.0,198.63,72.31,859.26,0.03274
2024-12-01,Telangana,2973.4,328.63,105.03,6.967,89.75,129.63,10662672.0,199.0,72.48,843.0,0.03187
2025-01-01,Telangana,3000.04,330.29,105.73,7.31,87.72,129.18,10670676.0,197.88,72.7,855.53,0.0321
2025-02-01,Telangana,3023.94,331.34,106.61,7.49,88.39,128.69,10680258.0,197.08,74.67,867.88,0.03233
2025-03-01,Telangana,3093.56,345.19,106.3,7.761,86.27,129.88,10689287.0,199.88,74.68,863.56,0.03281
2025-04-01,Telangana,3150.06,351.66,106.78,7.902,87.73,130.63,10697115.0,198.06,76.6,889.29,0.03254
2025-05-01,Telangana,3154.3,351.53,100.84,7.66,90.07,131.91,10703704.0,197.39,74.72,878.71,0.03253
2025-06-01,Telangana,3207.66,360.39,101.64,7.603,90.99,131.48,10712673.0,198.54,75.02,882.92,0.03488
2025-07-01,Telangana,3196.51,354.06,95.43,7.344,93.81,132.01,10718656.0,197.16,77.32,890.64,0.03199
2025-08-01,Telangana,3224.25,357.26,92.57,7.041,92.74,132.26,10727676.0,197.76,75.82,893.52,0.03307
2025-09-01,Telangana,3281.68,366.27,98.34,7.164,95.24,132.76,10738136.0,196.71,76.85,902.76,0.03533
2025-10-01,Telangana,3355.19,380.08,100.59,7.084,97.24,132.81,10740717.0,196.14,77.48,904.01,0.03345
2025-11-01,Telangana,3378.98,381.4,97.24,6.859,97.26,132.54,10754027.0,195.74,78.23,913.28,0.03447
2025-12-01,Telangana,3378.39,379.26,95.38,7.461,98.98,133.12,10761984.0,194.55,78.76,908.14,0.03556
2018-01-01,Rajasthan,498.27,50.0,178.89,6.525,83.78,100.79,9997333.0,219.49,40.71,506.76,0.0213
2018-02-01,Rajasthan,440.19,50.44,186.63,6.524,85.7,100.67,10009701.0,221.32,41.14,506.49,0.0224
2018-03-01,Rajasthan,510.56,50.0,176.86,6.609,88.11,98.82,10016509.0,220.77,41.85,524.74,0.02142
2018-04-01,Rajasthan,464.42,50.0,181.33,7.095,89.68,101.29,10024352.0,220.13,40.44,518.63,0.0211
2018-05-01,Rajasthan,485.77,50.0,177.3,6.989,90.18,102.6,10034298.0,218.28,42.17,514.14,0.02108
2018-06-01,Rajasthan,583.59,50.0,176.88,7.073,90.57,100.97,10039268.0,218.02,42.01,520.51,0.02174
2018-07-01,Rajasthan,593.72,52.7,174.18,6.55,89.91,102.97,10046885.0,217.78,41.68,517.83,0.01906
2018-08-01,Rajasthan,482.18,50.0,172.51,6.422,89.02,101.09,10050955.0,219.84,43.25,538.63,0.02001
2018-09-01,Rajasthan,419.27,51.9,170.54,6.077,88.52,101.55,10064071.0,217.65,42.96,524.25,0.02102
2018-10-01,Rajasthan,360.96,58.81,170.58,5.898,87.56,104.33,10068964.0,217.35,43.71,528.81,0.02124
2018-11-01,Rajasthan,457.34,62.16,166.36,6.556,85.67,102.93,10082675.0,217.88,44.05,554.03,0.02233
2018-12-01,Rajasthan,629.08,70.65,175.16,6.475,83.41,103.85,10086921.0,219.56,43.72,560.9,0.023
2019-01-01,Rajasthan,655.85,60.17,164.95,6.475,80.65,105.58,10098535.0,221.83,46.07,555.13,0.02219
2019-02-01,Rajasthan,734.26,57.8,164.67,7.028,79.87,105.98,10104723.0,216.48,44.64,549.63,0.02164
2019-03-01,Rajasthan,741.8,64.83,165.52,6.986,81.35,105.84,10112280.0,215.62,44.6,569.32,0.02416
2019-04-01,Rajasthan,682.08,75.53,166.86,7.307,79.5,105.37,10119710.0,215.35,45.75,558.89,0.02268
2019-05-01,Rajasthan,756.36,81.14,161.8,7.063,81.2,105.01,10125179.0,216.05,45.05,576.95,0.02197
2019-06-01,Rajasthan,824.96,80.41,160.53,6.691,85.32,106.67,10134540.0,214.02,45.71,585.05,0.02193
2019-07-01,Rajasthan,863.17,88.14,163.86,6.582,85.91,106.6,10145976.0,216.42,46.66,579.19,0.02226
2019-08-01,Rajasthan,731.71,81.24,163.38,6.767,88.72,106.69,10152218.0,214.62,48.55,583.72,0.02467
2019-09-01,Rajasthan,679.98,83.08,158.93,6.415,91.79,106.52,10158465.0,212.07,49.1,600.06,0.02356
2019-10-01,Rajasthan,652.59,86.46,159.24,6.36,89.5,108.3,10165319.0,215.09,47.85,576.64,0.02137
2019-11-01,Rajasthan,766.44,89.89,161.54,6.204,93.21,107.82,10177352.0,216.23,50.55,591.95,0.022
2019-12-01,Rajasthan,816.57,99.47,159.05,6.485,89.77,107.81,10183922.0,215.62,46.85,588.96,0.02368
2020-01-01,Rajasthan,1206.73,151.33,154.29,6.904,90.87,107.65,10193849.0,213.91,57.45,619.83,0.02438
2020-02-01,Rajasthan,1302.54,165.27,160.08,6.88,91.54,108.99,10202475.0,213.0,58.94,623.3,0.02305
2020-03-01,Rajasthan,1307.12,166.73,155.56,7.072,89.21,108.22,10208560.0,215.03,60.19,616.34,0.02529
2020-04-01,Rajasthan,1257.43,166.11,159.56,6.886,85.72,109.18,10216066.0,212.77,60.97,614.34,0.02498
2020-05-01,Rajasthan,1412.68,166.06,155.15,7.244,85.48,109.07,10224501.0,213.93,60.46,629.93,0.02387
2020-06-01,Rajasthan,1416.08,175.63,156.65,7.119,84.75,109.71,10234150.0,213.53,61.34,638.3,0.02385
2020-07-01,Rajasthan,1045.85,111.09,154.86,6.916,83.44,111.69,10238384.0,214.63,51.7,622.15,0.02494
2020-08-01,Rajasthan,1064.59,127.01,153.24,6.443,84.34,111.68,10248057.0,214.1,52.39,634.29,0.02409
2020-09-01,Rajasthan,1050.29,127.43,150.41,6.294,83.67,109.95,10257082.0,212.48,54.65,629.51,0.02508
2020-10-01,Rajasthan,911.19,132.5,143.98,6.169,83.42,112.34,10263985.0,212.16,52.91,630.65,0.02562
2020-11-01,Rajasthan,1001.75,139.85,147.52,6.517,82.84,111.96,10270179.0,210.97,52.93,641.12,0.02628
2020-12-01,Rajasthan,1121.83,135.86,150.32,6.595,86.09,112.16,10279156.0,210.35,54.24,644.64,0.02657
2021-01-01,Rajasthan,1311.24,129.29,145.91,7.009,87.89,112.66,10283014.0,212.08,54.92,651.59,0.02484
2021-02-01,Rajasthan,1301.17,145.9,143.24,7.084,91.53,113.65,10293421.0,207.15,54.13,654.73,0.026
2021-03-01,Rajasthan,1345.0,139.55,151.15,7.167,90.59,112.56,10304080.0,208.3,54.97,663.94,0.02472
2021-04-01,Rajasthan,1296.99,140.77,145.36,7.408,91.9,114.49,10311043.0,210.23,56.2,656.63,0.0261
2021-05-01,Rajasthan,1347.09,144.83,145.0,7.153,94.09,115.11,10320177.0,212.63,56.23,656.52,0.0268
2021-06-01,Rajasthan,1403.6,162.09,140.55,6.86,92.04,113.01,10330600.0,208.36,56.38,670.07,0.02711
2021-07-01,Rajasthan,1407.21,160.88,144.4,6.906,94.22,115.33,10335751.0,209.37,56.38,672.32,0.02627
2021-08-01,Rajasthan,1352.9,163.54,143.82,6.854,91.35,114.71,10339485.0,207.57,56.36,678.15,0.02665
2021-09-01,Rajasthan,1306.19,166.44,136.99,6.575,89.19,115.63,10351693.0,211.31,57.73,692.9,0.02514
2021-10-01,Rajasthan,1254.68,166.54,137.33,6.307,90.32,114.14,10358086.0,207.65,58.54,698.85,0.02934
2021-11-01,Rajasthan,1362.33,175.65,138.83,6.928,88.79,116.13,10366514.0,207.95,60.18,688.13,0.02696
2021-12-01,Rajasthan,1446.8,178.59,142.1,6.851,85.03,115.17,10375070.0,209.49,58.63,700.6,0.02648
2022-01-01,Rajasthan,2262.98,295.79,138.82,6.944,84.5,116.56,10387196.0,207.88,78.21,720.14,0.0275
2022-02-01,Rajasthan,2217.53,309.25,133.96,7.268,82.99,116.88,10390483.0,207.39,78.87,741.28,0.02811
2022-03-01,Rajasthan,2182.88,297.02,132.69,7.479,83.55,117.43,10400767.0,207.87,79.77,720.46,0.02794
2022-04-01,Rajasthan,2289.6,309.99,135.25,7.305,85.5,117.94,10409930.0,208.34,80.16,731.32,0.02777
2022-05-01,Rajasthan,2386.63,313.01,132.52,7.167,85.38,117.56,10416992.0,206.16,82.02,731.51,0.02635
2022-06-01,Rajasthan,2342.7,317.9,130.53,7.504,86.8,118.95,10424039.0,206.86,79.91,756.29,0.02706
2022-07-01,Rajasthan,1715.33,189.95,135.03,7.131,90.1,118.02,10433226.0,204.9,61.58,726.91,0.02689
2022-08-01,Rajasthan,1725.26,206.15,130.68,6.711,91.88,117.63,10436896.0,206.23,63.6,738.51,0.02756
2022-09-01,Rajasthan,1603.49,197.93,129.03,6.51,96.05,118.71,10450467.0,203.43,64.99,737.78,0.02738
2022-10-01,Rajasthan,1551.87,205.72,130.98,6.822,94.74,121.13,10452575.0,209.09,62.31,752.11,0.02911
2022-11-01,Rajasthan,1711.2,223.91,128.41,6.682,91.51,120.53,10463497.0,206.05,63.64,746.35,0.03031
2022-12-01,Rajasthan,1795.56,223.74,127.39,6.876,95.09,121.61,10473569.0,206.19,62.39,746.15,0.02998
2023-01-01,Rajasthan,1940.89,224.17,122.94,7.248,95.99,120.36,10482663.0,204.64,62.82,749.65,0.0291
2023-02-01,Rajasthan,2053.74,227.49,127.3,7.475,92.57,120.14,10487584.0,205.54,62.72,761.96,0.02716
2023-03-01,Rajasthan,2051.74,233.82,122.95,7.421,87.68,122.41,10496127.0,207.06,65.62,761.13,0.03
2023-04-01,Rajasthan,1994.41,228.83,125.29,7.592,90.44,122.58,10506121.0,203.05,64.09,769.35,0.02886
2023-05-01,Rajasthan,2068.08,237.75,121.82,7.604,89.41,122.92,10511798.0,206.16,65.6,780.78,0.03019
2023-06-01,Rajasthan,2112.15,249.84,125.19,7.198,87.59,121.72,10524363.0,203.95,65.37,778.92,0.03
2023-07-01,Rajasthan,2143.79,253.22,122.27,7.032,83.91,121.81,10528205.0,202.46,66.69,787.36,0.03058
2023-08-01,Rajasthan,2155.81,249.33,118.49,7.14,85.21,123.59,10535525.0,203.52,64.95,783.89,0.03027
2023-09-01,Rajasthan,2018.6,262.15,119.69,6.71,86.64,122.75,10542374.0,202.61,66.06,805.54,0.03071
2023-10-01,Rajasthan,1976.75,263.32,118.71,6.669,84.39,124.24,10549463.0,201.36,69.9,787.73,0.02932
2023-11-01,Rajasthan,2128.49,265.49,116.69,6.779,85.24,124.25,10560945.0,201.84,68.32,801.38,0.03099
2023-12-01,Rajasthan,2237.17,276.95,113.79,7.055,88.17,123.35,10570120.0,203.23,68.48,786.25,0.03157
2024-01-01,Rajasthan,2704.5,344.34,115.58,7.255,89.03,124.62,10576385.0,203.49,80.49,825.35,0.03063
2024-02-01,Rajasthan,2804.59,355.07,113.86,7.494,90.68,124.97,10587954.0,199.86,80.3,810.45,0.02997
2024-03-01,Rajasthan,2850.9,358.11,112.6,7.769,95.07,125.78,10591137.0,203.09,79.53,852.06,0.02943
2024-04-01,Rajasthan,2809.69,361.27,112.41,7.488,93.96,126.06,10599529.0,202.73,82.28,839.24,0.03378
2024-05-01,Rajasthan,2821.56,359.64,115.37,7.423,96.04,126.06,10608871.0,201.64,80.93,834.42,0.03114
2024-06-01,Rajasthan,2888.96,362.23,109.96,7.347,95.94,126.94,10615734.0,198.32,81.51,837.95,0.03336
2024-07-01,Rajasthan,2549.52,297.43,111.02,7.479,95.27,126.39,10620785.0,200.35,69.52,826.06,0.03223
2024-08-01,Rajasthan,2447.57,301.99,106.74,7.195,95.67,127.88,10632561.0,201.39,71.39,841.17,0.0313
2024-09-01,Rajasthan,2407.57,304.7,107.64,6.742,94.26,128.06,10642582.0,201.75,71.36,852.36,0.03228
2024-10-01,Rajasthan,2485.13,314.64,106.01,6.789,91.83,128.2,10648396.0,200.95,73.53,848.56,0.03257
2024-11-01,Rajasthan,2460.3,312.55,103.86,7.088,88.64,129.7,10655561.0,199.21,73.76,845.93,0.03173
2024-12-01,Rajasthan,2652.63,330.81,106.27,6.951,87.86,128.37,10662260.0,200.46,74.43,865.67,0.03037
2025-01-01,Rajasthan,2768.51,330.98,106.44,7.505,86.15,129.06,10670978.0,195.5,73.72,856.2,0.03182
2025-02-01,Rajasthan,2787.46,332.59,103.25,7.876,85.37,128.78,10679127.0,200.0,74.85,868.64,0.03312
2025-03-01,Rajasthan,2832.46,341.87,100.2,7.832,87.82,131.07,10688940.0,199.39,74.34,881.33,0.03377
2025-04-01,Rajasthan,2914.68,345.73,101.2,7.777,85.95,128.93,10698368.0,196.63,76.14,886.99,0.03299
2025-05-01,Rajasthan,2928.52,348.08,98.63,7.853,88.75,131.19,10703272.0,197.63,76.09,881.21,0.03217
2025-06-01,Rajasthan,2984.95,356.66,99.27,7.873,89.75,132.28,10712274.0,195.73,76.71,879.25,0.03397
2025-07-01,Rajasthan,2903.25,344.79,99.12,7.303,91.52,130.73,10714600.0,198.75,75.31,878.52,0.03394
2025-08-01,Rajasthan,2999.39,364.2,95.53,7.27,92.61,132.1,10728233.0,198.55,75.84,896.73,0.03256
2025-09-01,Rajasthan,2892.48,366.73,95.9,7.223,95.53,132.14,10733950.0,197.91,76.9,885.22,0.0335
2025-10-01,Rajasthan,2829.31,369.88,91.69,6.881,95.17,132.74,10749062.0,194.88,78.12,897.92,0.03374
2025-11-01,Rajasthan,3000.97,385.76,97.07,7.152,98.55,132.77,10752105.0,199.53,77.97,905.68,0.03446
2025-12-01,Rajasthan,3027.27,385.26,95.24,7.226,97.85,132.53,10758937.0,194.39,80.09,897.31,0.03429
2018-01-01,Uttar Pradesh,962.47,50.0,181.31,6.517,86.01,99.71,9999010.0,219.67,39.45,503.86,0.02073
2018-02-01,Uttar Pradesh,971.94,50.0,178.08,6.419,87.52,100.44,10008327.0,218.69,37.49,506.77,0.01983
2018-03-01,Uttar Pradesh,993.08,50.0,180.98,6.854,86.57,100.76,10015398.0,218.87,41.72,527.75,0.02212
2018-04-01,Uttar Pradesh,1002.18,52.7,179.39,6.95,89.52,101.3,10021965.0,218.71,41.22,518.78,0.02275
2018-05-01,Uttar Pradesh,1000.44,50.0,176.91,6.557,86.65,101.1,10035493.0,217.54,40.72,514.68,0.01953
2018-06-01,Uttar Pradesh,1048.75,56.82,175.58,6.662,90.3,103.07,10039487.0,219.3,41.82,530.75,0.02198
2018-07-01,Uttar Pradesh,1054.73,56.46,173.49,6.458,92.31,102.41,10048021.0,216.31,42.02,529.88,0.02229
2018-08-01,Uttar Pradesh,1041.18,50.94,173.87,6.51,90.15,102.19,10059067.0,215.18,41.49,533.82,0.02107
2018-09-01,Uttar Pradesh,1082.6,66.3,175.67,6.27,88.04,103.92,10063422.0,216.36,43.35,550.31,0.02008
2018-10-01,Uttar Pradesh,999.6,57.31,172.46,6.275,86.48,102.41,10072146.0,217.04,43.0,540.37,0.02165
2018-11-01,Uttar Pradesh,1089.48,65.22,171.44,6.239,86.0,103.15,10078117.0,218.38,43.69,552.78,0.02223
2018-12-01,Uttar Pradesh,1160.06,66.25,170.96,6.399,81.33,102.66,10087856.0,215.22,45.2,561.45,0.0222
2019-01-01,Uttar Pradesh,1182.74,70.94,168.68,6.935,83.44,105.86,10095910.0,218.38,45.76,550.98,0.02001
2019-02-01,Uttar Pradesh,1225.23,76.44,168.57,6.815,81.77,104.83,10102625.0,218.47,46.16,565.79,0.02193
2019-03-01,Uttar Pradesh,1198.83,69.04,166.58,6.956,82.37,104.99,10114154.0,218.99,45.12,561.47,0.02319
2019-04-01,Uttar Pradesh,1274.59,82.91,162.01,6.925,82.08,104.46,10120965.0,216.78,44.42,570.38,0.02363
2019-05-01,Uttar Pradesh,1286.95,84.2,166.49,6.995,84.23,105.48,10128988.0,215.11,46.44,566.59,0.02253
2019-06-01,Uttar Pradesh,1290.42,82.48,161.56,6.644,86.08,105.97,10134872.0,215.78,46.8,569.39,0.02292
2019-07-01,Uttar Pradesh,1279.05,75.13,162.4,6.902,86.65,107.05,10144483.0,214.7,47.42,587.6,0.02266
2019-08-01,Uttar Pradesh,1350.41,90.28,161.12,6.674,89.44,104.68,10150479.0,210.76,46.54,580.19,0.02142
2019-09-01,Uttar Pradesh,1407.33,100.04,161.2,6.379,92.1,108.28,10159716.0,212.52,47.52,587.16,0.02356
2019-10-01,Uttar Pradesh,1387.98,91.48,161.3,6.215,89.32,107.51,10169301.0,217.88,49.7,600.71,0.02286
2019-11-01,Uttar Pradesh,1403.06,95.71,161.33,6.512,92.18,108.38,10175977.0,211.76,49.52,580.03,0.02256
2019-12-01,Uttar Pradesh,1442.53,99.07,160.01,6.823,91.97,107.68,10183763.0,214.53,49.22,603.23,0.02182
2020-01-01,Uttar Pradesh,1822.3,180.88,163.24,6.619,90.73,106.69,10190151.0,212.73,62.7,618.67,0.0228
2020-02-01,Uttar Pradesh,1820.57,178.58,155.54,7.008,91.02,108.1,10197675.0,217.45,62.25,616.14,0.02276
2020-03-01,Uttar Pradesh,1874.65,186.2,152.99,7.05,87.55,109.3,10206471.0,212.75,62.42,632.37,0.02262
2020-04-01,Uttar Pradesh,1858.46,179.62,159.03,7.119,87.69,107.97,10216707.0,213.47,64.41,636.38,0.02258
2020-05-01,Uttar Pradesh,1914.05,187.62,152.72,7.026,86.16,109.87,10223334.0,211.71,65.92,652.1,0.02436
2020-06-01,Uttar Pradesh,1973.01,199.15,157.61,7.03,84.95,109.75,10228654.0,214.92,62.65,648.62,0.02514
2020-07-01,Uttar Pradesh,1645.83,123.65,150.85,6.79,83.19,110.43,10240326.0,212.36,54.06,640.03,0.02614
2020-08-01,Uttar Pradesh,1668.49,124.18,154.56,6.776,80.58,111.94,10250294.0,213.23,52.77,655.15,0.0258
2020-09-01,Uttar Pradesh,1662.88,121.44,152.08,6.594,82.48,111.04,10257237.0,212.27,51.15,648.47,0.02381
2020-10-01,Uttar Pradesh,1713.46,131.12,147.22,6.484,81.89,111.63,10261900.0,212.66,52.41,644.05,0.02473
2020-11-01,Uttar Pradesh,1694.07,124.26,149.93,6.325,84.27,112.79,10272530.0,211.45,54.88,643.76,0.02568
2020-12-01,Uttar Pradesh,1756.47,134.76,144.62,6.327,84.66,112.62,10279262.0,210.62,53.33,651.85,0.02407
2021-01-01,Uttar Pradesh,1840.66,149.99,149.92,6.894,87.9,113.2,10289241.0,210.68,53.48,661.29,0.02406
2021-02-01,Uttar Pradesh,1816.35,143.2,142.63,7.066,87.45,113.44,10298191.0,210.83,54.43,652.39,0.02532
2021-03-01,Uttar Pradesh,1836.62,142.22,146.9,7.191,90.87,112.85,10302836.0,210.18,54.85,673.15,0.02481
2021-04-01,Uttar Pradesh,1876.73,150.64,144.91,7.293,93.55,113.77,10311593.0,210.57,56.21,660.04,0.02541
2021-05-01,Uttar Pradesh,1891.39,150.7,143.75,7.297,93.07,114.21,10321096.0,210.98,55.85,664.45,0.02754
2021-06-01,Uttar Pradesh,1918.66,154.63,142.71,7.126,92.38,113.69,10329717.0,208.54,55.58,661.89,0.02702
2021-07-01,Uttar Pradesh,1958.86,156.25,142.61,6.939,92.75,114.95,10335402.0,209.22,57.25,695.19,0.0266
2021-08-01,Uttar Pradesh,1998.78,164.18,143.26,6.642,92.27,114.33,10343547.0,210.27,56.5,684.58,0.02714
2021-09-01,Uttar Pradesh,2023.99,168.14,144.04,6.65,91.27,116.05,10352255.0,208.4,57.67,678.05,0.02584
2021-10-01,Uttar Pradesh,2044.31,169.03,136.82,6.536,89.85,116.09,10362437.0,209.45,59.2,684.85,0.02653
2021-11-01,Uttar Pradesh,2039.7,165.36,139.89,6.552,88.36,118.0,10366943.0,206.36,59.56,683.94,0.02802
2021-12-01,Uttar Pradesh,2171.11,192.6,135.79,6.662,85.48,116.99,10376961.0,206.58,56.35,682.84,0.02697
2022-01-01,Uttar Pradesh,2555.47,270.96,134.08,7.035,84.46,115.61,10381752.0,204.24,75.31,725.37,0.02603
2022-02-01,Uttar Pradesh,2560.59,272.15,133.56,7.268,83.98,116.76,10393497.0,211.31,74.96,705.77,0.02618
2022-03-01,Uttar Pradesh,2587.5,272.85,133.4,7.422,82.64,118.02,10400166.0,208.62,75.24,723.38,0.02766
2022-04-01,Uttar Pradesh,2666.95,285.75,133.5,7.218,84.29,117.96,10408442.0,208.2,74.93,739.08,0.02898
2022-05-01,Uttar Pradesh,2650.72,279.4,132.4,7.387,86.12,118.71,10415250.0,206.48,74.72,737.46,0.02712
2022-06-01,Uttar Pradesh,2712.74,287.81,133.49,7.168,86.63,118.21,10426502.0,204.71,76.01,756.43,0.02934
2022-07-01,Uttar Pradesh,2334.57,203.6,130.0,7.172,90.14,119.41,10431977.0,208.85,61.15,724.26,0.02831
2022-08-01,Uttar Pradesh,2347.32,203.49,133.35,7.051,92.24,118.44,10440182.0,204.04,62.05,724.53,0.02747
2022-09-01,Uttar Pradesh,2416.35,215.24,129.23,6.7,92.24,120.34,10445457.0,206.46,61.67,731.04,0.03047
2022-10-01,Uttar Pradesh,2418.58,211.69,131.19,6.639,95.42,120.27,10459677.0,204.86,60.07,738.23,0.02968
2022-11-01,Uttar Pradesh,2502.87,226.73,130.97,6.522,94.65,118.83,10465687.0,206.78,62.56,745.65,0.02866
2022-12-01,Uttar Pradesh,2513.69,224.96,126.54,6.82,95.39,121.64,10472453.0,206.09,62.48,753.7,0.03086
2023-01-01,Uttar Pradesh,2529.4,224.92,126.81,7.319,95.06,121.0,10480235.0,205.97,63.72,757.37,0.03136
2023-02-01,Uttar Pradesh,2560.14,229.22,123.34,7.378,94.74,121.85,10489240.0,202.66,64.0,754.5,0.02768
2023-03-01,Uttar Pradesh,2595.77,232.51,122.81,7.42,89.72,122.43,10496273.0,205.61,64.2,766.06,0.02972
2023-04-01,Uttar Pradesh,2694.97,250.16,119.4,7.201,88.57,121.09,10504826.0,205.1,64.18,778.04,0.02927
2023-05-01,Uttar Pradesh,2669.01,240.77,118.3,7.466,87.52,122.71,10513822.0,202.81,63.89,780.21,0.0293
2023-06-01,Uttar Pradesh,2689.47,244.05,127.25,7.553,87.12,121.96,10521300.0,202.01,65.93,767.65,0.02889
2023-07-01,Uttar Pradesh,2763.79,254.14,121.29,7.35,83.65,122.38,10528657.0,203.83,67.47,792.3,0.02926
2023-08-01,Uttar Pradesh,2750.99,249.18,120.37,6.928,85.72,122.82,10534693.0,199.93,65.84,784.08,0.03043
2023-09-01,Uttar Pradesh,2788.43,254.18,118.18,6.763,86.66,122.76,10543172.0,200.28,68.85,785.81,0.03192
2023-10-01,Uttar Pradesh,2837.62,260.12,120.4,6.795,86.08,124.54,10553453.0,202.2,67.97,799.18,0.02984
2023-11-01,Uttar Pradesh,2894.48,268.91,118.09,6.887,88.07,123.7,10562366.0,203.23,66.74,804.84,0.0315
2023-12-01,Uttar Pradesh,2900.99,269.11,119.89,7.011,89.08,125.19,10568156.0,201.9,69.07,790.77,0.02993
2024-01-01,Uttar Pradesh,3298.78,352.8,118.98,7.291,89.55,123.68,10574231.0,201.69,84.48,813.83,0.03045
2024-02-01,Uttar Pradesh,3344.94,359.26,116.94,7.527,94.08,125.24,10584090.0,200.24,83.32,818.32,0.03166
2024-03-01,Uttar Pradesh,3401.53,365.03,114.28,7.834,94.13,125.5,10592681.0,200.87,83.35,843.69,0.03261
2024-04-01,Uttar Pradesh,3417.91,367.59,109.4,7.475,95.76,125.42,10595730.0,199.99,82.51,828.16,0.03056
2024-05-01,Uttar Pradesh,3446.64,368.96,111.64,7.67,96.82,126.04,10606430.0,201.05,81.95,839.95,0.03135
2024-06-01,Uttar Pradesh,3517.53,380.86,109.89,7.406,97.42,124.85,10612381.0,199.4,83.68,845.01,0.03001
2024-07-01,Uttar Pradesh,3199.1,306.48,108.48,7.425,93.91,127.46,10620031.0,200.14,71.25,834.82,0.03096
2024-08-01,Uttar Pradesh,3215.83,306.96,104.58,7.236,93.79,127.24,10634413.0,199.25,72.54,833.43,0.03092
2024-09-01,Uttar Pradesh,3286.34,317.66,104.98,6.995,92.5,127.93,10644465.0,198.14,71.76,845.74,0.03117
2024-10-01,Uttar Pradesh,3269.65,310.71,112.52,6.974,93.19,127.22,10646558.0,199.3,72.7,842.93,0.03299
2024-11-01,Uttar Pradesh,3355.52,325.57,107.43,6.967,89.28,128.58,10655353.0,199.01,71.43,850.29,0.03263
2024-12-01,Uttar Pradesh,3392.81,329.76,103.84,7.188,87.91,129.4,10665010.0,202.14,73.2,854.99,0.03304
2025-01-01,Uttar Pradesh,3441.85,334.92,107.06,7.097,86.67,129.41,10673370.0,199.67,74.01,871.16,0.0333
2025-02-01,Uttar Pradesh,3445.89,334.22,103.5,7.502,86.76,130.58,10681433.0,197.47,74.21,857.2,0.03215
2025-03-01,Uttar Pradesh,3490.62,338.73,104.53,7.789,86.34,130.12,10689574.0,199.14,74.74,870.79,0.03295
2025-04-01,Uttar Pradesh,3525.83,342.3,102.05,8.138,88.75,131.36,10697753.0,198.03,74.98,875.84,0.03327
2025-05-01,Uttar Pradesh,3564.85,344.93,105.28,7.502,87.7,129.88,10704157.0,197.45,75.18,893.07,0.03339
2025-06-01,Uttar Pradesh,3598.46,350.5,99.47,7.771,89.62,131.02,10717054.0,197.13,76.03,881.57,0.03242
2025-07-01,Uttar Pradesh,3645.21,358.52,99.03,7.459,93.39,131.97,10720755.0,196.12,76.48,873.58,0.03406
2025-08-01,Uttar Pradesh,3673.46,357.98,98.54,6.981,94.94,131.73,10728529.0,200.25,76.69,895.36,0.0322
2025-09-01,Uttar Pradesh,3734.79,368.79,93.87,7.179,96.66,131.78,10734970.0,196.24,76.83,890.6,0.03401
2025-10-01,Uttar Pradesh,3791.07,377.8,96.33,7.329,97.86,132.26,10745552.0,198.24,76.11,890.24,0.0345
2025-11-01,Uttar Pradesh,3806.42,375.21,95.73,6.956,98.11,133.03,10749775.0,195.03,76.55,905.49,0.03129
2025-12-01,Uttar Pradesh,3886.06,388.19,93.72,7.15,98.67,132.46,10760785.0,195.96,77.65,914.0,0.03526
